advocate_id,name,email,phone,practice_area,state,city,language_code
ADV100001,Mohan Menon,mohan.menon1@example.com,9264593090,Data Protection,RJ,Jaipur,ta
ADV100002,Deepa Kulkarni,deepa.kulkarni2@example.com,9824686099,Tax Law,JK,Srinagar,te
ADV100003,Ganesh Mukherjee,ganesh.mukherjee3@example.com,9601648336,Consumer Law,PB,Chandigarh,mr
ADV100004,Kavya Patel,kavya.patel4@example.com,9583657431,Consumer Law,MP,Indore,te
ADV100005,Keerthi Joshi,keerthi.joshi5@example.com,9597973018,Employment Law,KL,Kozhikode,en
ADV100006,Suresh Mehta,suresh.mehta6@example.com,9626512262,Contract Law,TN,Tirunelveli,ml
ADV100007,Sanjay Krishnan,sanjay.krishnan7@example.com,9475644459,Advocate Required,CG,Raipur,en
ADV100008,Vivek Rao,vivek.rao8@example.com,9370504049,Document Guidance,KL,Kochi,hi
ADV100009,Arun Rao,arun.rao9@example.com,9935612133,Contract Law,KL,Kozhikode,en
ADV100010,Priya Sharma,priya.sharma10@example.com,9659457124,Advocate Required,AS,Dibrugarh,ta
ADV100011,Karthik Thomas,karthik.thomas11@example.com,9563766882,IT Law,PB,Chandigarh,hi
ADV100012,Shalini Prasad,shalini.prasad12@example.com,9921642185,Contract Law,JK,Jammu,kn
ADV100013,Meena Choudhary,meena.choudhary13@example.com,9924266453,IP Law,RJ,Udaipur,en
ADV100014,Revathi Patel,revathi.patel14@example.com,9387413947,Tax Law,GJ,Surat,hi
ADV100015,Ishita Iyer,ishita.iyer15@example.com,9385725986,Consumer Law,TN,Tiruchirappalli,gu
ADV100016,Surya Menon,surya.menon16@example.com,9746459892,Advocate Required,WB,Durgapur,ml
ADV100017,Deepa Mishra,deepa.mishra17@example.com,9143514449,Tax Law,AP,Tirupati,kn
ADV100018,Karthik Verma,karthik.verma18@example.com,9207018950,Consumer Law,KA,Bengaluru,gu
ADV100019,Rohit Rao,rohit.rao19@example.com,9916477655,IP Law,KL,Thrissur,hi
ADV100020,Sneha Kulkarni,sneha.kulkarni20@example.com,9962491735,Property Law,WB,Kolkata,mr
ADV100021,Deepa Prasad,deepa.prasad21@example.com,9893638414,Corporate Law,TS,Warangal,en
ADV100022,Pradeep Deshmukh,pradeep.deshmukh22@example.com,9777760210,Tax Law,JK,Srinagar,hi
ADV100023,Aishwarya Menon,aishwarya.menon23@example.com,9425787921,Criminal Law,GO,Margao,or
ADV100024,Nandhini Thomas,nandhini.thomas24@example.com,9787991755,Data Protection,TS,Hyderabad,hi
ADV100025,Naveen Shah,naveen.shah25@example.com,9104515885,Advocate Required,KA,Bengaluru,te
ADV100026,Nandhini Shah,nandhini.shah26@example.com,9601402739,Contract Law,UK,Dehradun,te
ADV100027,Kavya Shah,kavya.shah27@example.com,9753199535,IP Law,GJ,Surat,or
ADV100028,Nandhini George,nandhini.george28@example.com,9124991845,Employment Law,HR,Panipat,gu
ADV100029,Ramya Mukherjee,ramya.mukherjee29@example.com,9822866616,Tax Law,KA,Hubballi,gu
ADV100030,Bhavana Mehta,bhavana.mehta30@example.com,9596790809,Criminal Law,UK,Dehradun,te
ADV100031,Sneha Naidu,sneha.naidu31@example.com,9748427612,Cyber Law,UP,Kanpur,hi
ADV100032,Keerthi Singh,keerthi.singh32@example.com,9953576538,Data Protection,HP,Shimla,hi
ADV100033,Revathi George,revathi.george33@example.com,9193343098,Document Guidance,KL,Kozhikode,te
ADV100034,Ishita Thomas,ishita.thomas34@example.com,9219311566,Family Law,WB,Kolkata,hi
ADV100035,Mohan Nair,mohan.nair35@example.com,9400129112,Cyber Law,CH,Chandigarh,mr
ADV100036,Dinesh Kumar,dinesh.kumar36@example.com,9223122382,IT Law,MH,Nagpur,mr
ADV100037,Ramya Banerjee,ramya.banerjee37@example.com,9841364756,Employment Law,PB,Ludhiana,or
ADV100038,Aditya Patel,aditya.patel38@example.com,9534740020,Document Guidance,MP,Bhopal,or
ADV100039,Naveen Bhat,naveen.bhat39@example.com,9388229144,Tax Law,UP,Prayagraj,bn
ADV100040,Sanjay Joshi,sanjay.joshi40@example.com,9885030422,Family Law,GO,Margao,or
ADV100041,Keerthi Iyer,keerthi.iyer41@example.com,9435876430,Property Law,CG,Bhilai,mr
ADV100042,Surya Raj,surya.raj42@example.com,9687344236,Consumer Law,UP,Varanasi,te
ADV100043,Hari Patel,hari.patel43@example.com,9398658501,Criminal Law,HP,Dharamshala,te
ADV100044,Pradeep Reddy,pradeep.reddy44@example.com,9945200118,Document Guidance,HP,Shimla,mr
ADV100045,Bhavana Thomas,bhavana.thomas45@example.com,9262015259,Cyber Law,MH,Mumbai,hi
ADV100046,Vishal Shah,vishal.shah46@example.com,9878488856,IP Law,AP,Guntur,ta
ADV100047,Sowmya Mishra,sowmya.mishra47@example.com,9518028369,Property Law,KA,Bengaluru,gu
ADV100048,Sanjay Kumar,sanjay.kumar48@example.com,9288975671,Advocate Required,TN,Coimbatore,hi
ADV100049,Shalini Shah,shalini.shah49@example.com,9148284866,Property Law,KL,Kozhikode,pa
ADV100050,Dinesh George,dinesh.george50@example.com,9571872763,IT Law,TS,Hyderabad,kn
ADV100051,Vivek Raj,vivek.raj51@example.com,9878545671,Corporate Law,MP,Bhopal,en
ADV100052,Surya Pillai,surya.pillai52@example.com,9721901520,Property Law,CT,Raipur,bn
ADV100053,Divya Deshmukh,divya.deshmukh53@example.com,9716234749,Family Law,GO,Margao,gu
ADV100054,Vikram Menon,vikram.menon54@example.com,9779428490,Property Law,CG,Bhilai,ta
ADV100055,Divya Prasad,divya.prasad55@example.com,9984224101,Tax Law,OD,Rourkela,kn
ADV100056,Swetha Raj,swetha.raj56@example.com,9121866741,Document Guidance,CG,Raipur,hi
ADV100057,Revathi Sinha,revathi.sinha57@example.com,9751010484,Contract Law,CT,Raipur,hi
ADV100058,Hari Choudhary,hari.choudhary58@example.com,9993767499,Advocate Required,UP,Kanpur,gu
ADV100059,Ishita Mishra,ishita.mishra59@example.com,9916586107,Contract Law,JH,Ranchi,bn
ADV100060,Sneha Joshi,sneha.joshi60@example.com,9306212182,IT Law,CH,Chandigarh,ta
ADV100061,Nandhini Patel,nandhini.patel61@example.com,9213100248,Data Protection,TS,Nizamabad,or
ADV100062,Revathi Das,revathi.das62@example.com,9898396759,Property Law,JH,Ranchi,ta
ADV100063,Rahul Thomas,rahul.thomas63@example.com,9306243866,IP Law,BR,Patna,gu
ADV100064,Vikram Sharma,vikram.sharma64@example.com,9869250297,IP Law,UP,Lucknow,ml
ADV100065,Ajay Raj,ajay.raj65@example.com,9405485313,Corporate Law,DL,New Delhi,ml
ADV100066,Priya Sinha,priya.sinha66@example.com,9338922371,Criminal Law,AP,Vijayawada,ta
ADV100067,Sneha Prasad,sneha.prasad67@example.com,9785408313,Property Law,CT,Raipur,pa
ADV100068,Arun Rao,arun.rao68@example.com,9699070710,IP Law,JK,Srinagar,pa
ADV100069,Rahul Kulkarni,rahul.kulkarni69@example.com,9368996668,Family Law,GO,Margao,ta
ADV100070,Surya Mukherjee,surya.mukherjee70@example.com,9823096404,Contract Law,PB,Ludhiana,bn
ADV100071,Arun Joshi,arun.joshi71@example.com,9479779183,Family Law,CH,Chandigarh,ml
ADV100072,Dinesh Mishra,dinesh.mishra72@example.com,9669309737,Criminal Law,CT,Raipur,kn
ADV100073,Arun Krishnan,arun.krishnan73@example.com,9689753532,Criminal Law,WB,Kolkata,te
ADV100074,Sneha Rao,sneha.rao74@example.com,9647911741,IT Law,MP,Indore,gu
ADV100075,Pradeep Rao,pradeep.rao75@example.com,9918723004,Property Law,TS,Warangal,ta
ADV100076,Kavya Mehta,kavya.mehta76@example.com,9330151882,Employment Law,JH,Ranchi,en
ADV100077,Revathi Nair,revathi.nair77@example.com,9586325415,Criminal Law,GJ,Surat,hi
ADV100078,Rohit Choudhary,rohit.choudhary78@example.com,9361545884,Employment Law,TS,Karimnagar,hi
ADV100079,Ganesh Nair,ganesh.nair79@example.com,9751705337,Property Law,KL,Kozhikode,kn
ADV100080,Vikram Prasad,vikram.prasad80@example.com,9248812208,Corporate Law,HR,Gurugram,or
ADV100081,Ganesh Verma,ganesh.verma81@example.com,9592355919,Advocate Required,PB,Amritsar,hi
ADV100082,Priya Kulkarni,priya.kulkarni82@example.com,9487160350,IT Law,GJ,Surat,bn
ADV100083,Pooja Sharma,pooja.sharma83@example.com,9466333778,IT Law,MP,Indore,en
ADV100084,Kavya Mishra,kavya.mishra84@example.com,9745905789,Document Guidance,GO,Panaji,ml
ADV100085,Ramya Prasad,ramya.prasad85@example.com,9221604590,IP Law,MH,Mumbai,hi
ADV100086,Harini Banerjee,harini.banerjee86@example.com,9187847006,IT Law,GJ,Surat,ml
ADV100087,Aditya Bhat,aditya.bhat87@example.com,9591170916,Consumer Law,GJ,Ahmedabad,hi
ADV100088,Nandhini Naidu,nandhini.naidu88@example.com,9711686408,Advocate Required,UK,Dehradun,ta
ADV100089,Bhavana Naidu,bhavana.naidu89@example.com,9667361112,Data Protection,JH,Ranchi,en
ADV100090,Harini Raj,harini.raj90@example.com,9505982690,Document Guidance,AP,Visakhapatnam,or
ADV100091,Aditya Gupta,aditya.gupta91@example.com,9201285842,IT Law,MH,Mumbai,mr
ADV100092,Shalini Naidu,shalini.naidu92@example.com,9672247946,IP Law,UK,Dehradun,gu
ADV100093,Ananya George,ananya.george93@example.com,9408325248,Advocate Required,UK,Haridwar,or
ADV100094,Ramya Mehta,ramya.mehta94@example.com,9417894927,Data Protection,KA,Hubballi,ta
ADV100095,Vishal Prasad,vishal.prasad95@example.com,9189613778,Contract Law,GJ,Surat,gu
ADV100096,Rohit Joshi,rohit.joshi96@example.com,9428356555,Advocate Required,CT,Raipur,mr
ADV100097,Naveen Joshi,naveen.joshi97@example.com,9465154491,Data Protection,KL,Thiruvananthapuram,hi
ADV100098,Revathi Mishra,revathi.mishra98@example.com,9960579398,Family Law,KL,Thrissur,ml
ADV100099,Pradeep Verma,pradeep.verma99@example.com,9760861096,Tax Law,CG,Raipur,te
ADV100100,Dinesh Mehta,dinesh.mehta100@example.com,9625966029,Consumer Law,MP,Gwalior,hi
ADV100101,Keerthi Bhat,keerthi.bhat101@example.com,9195752899,IP Law,AS,Guwahati,te
ADV100102,Arun Nair,arun.nair102@example.com,9739502068,Advocate Required,CH,Chandigarh,bn
ADV100103,Meena Choudhary,meena.choudhary103@example.com,9170558487,Employment Law,JH,Ranchi,gu
ADV100104,Shalini Iyer,shalini.iyer104@example.com,9869528523,IP Law,PB,Chandigarh,en
ADV100105,Hari Krishnan,hari.krishnan105@example.com,9463536560,Contract Law,GJ,Surat,te
ADV100106,Revathi Sinha,revathi.sinha106@example.com,9239829122,Family Law,BR,Patna,kn
ADV100107,Aditya Mehta,aditya.mehta107@example.com,9637542114,Family Law,CT,Raipur,gu
ADV100108,Swetha Menon,swetha.menon108@example.com,9592579473,IP Law,JH,Jamshedpur,kn
ADV100109,Hari Sharma,hari.sharma109@example.com,9203763475,Family Law,CH,Chandigarh,ml
ADV100110,Ravi Menon,ravi.menon110@example.com,9428920567,Corporate Law,KA,Mangaluru,gu
ADV100111,Vishal Shah,vishal.shah111@example.com,9521179084,Property Law,DL,New Delhi,ml
ADV100112,Sanjay Verma,sanjay.verma112@example.com,9406421194,Advocate Required,CG,Raipur,kn
ADV100113,Karthik Kulkarni,karthik.kulkarni113@example.com,9471901022,Criminal Law,CH,Chandigarh,bn
ADV100114,Suresh Sharma,suresh.sharma114@example.com,9203380458,Property Law,DL,Delhi,en
ADV100115,Ananya Rao,ananya.rao115@example.com,9540193345,Tax Law,KA,Mysuru,ta
ADV100116,Sneha Das,sneha.das116@example.com,9231507875,Advocate Required,BR,Patna,ml
ADV100117,Lakshmi Krishnan,lakshmi.krishnan117@example.com,9751536230,Cyber Law,GO,Panaji,mr
ADV100118,Ganesh Mehta,ganesh.mehta118@example.com,9782833283,Cyber Law,MH,Nashik,te
ADV100119,Ramya Naidu,ramya.naidu119@example.com,9348767589,Employment Law,KL,Thrissur,bn
ADV100120,Mohan Nair,mohan.nair120@example.com,9907631195,Family Law,AP,Guntur,mr
ADV100121,Sneha Gupta,sneha.gupta121@example.com,9708220176,Cyber Law,JK,Jammu,hi
ADV100122,Aishwarya Gupta,aishwarya.gupta122@example.com,9542421575,Data Protection,TN,Tirunelveli,or
ADV100123,Meena Das,meena.das123@example.com,9920397868,Employment Law,AP,Visakhapatnam,en
ADV100124,Vishal Iyer,vishal.iyer124@example.com,9731460773,Tax Law,MP,Gwalior,pa
ADV100125,Ravi Bhat,ravi.bhat125@example.com,9912312450,Criminal Law,TS,Warangal,bn
ADV100126,Aishwarya Das,aishwarya.das126@example.com,9253005196,Corporate Law,MP,Gwalior,mr
ADV100127,Rohit Gupta,rohit.gupta127@example.com,9576118256,Data Protection,JH,Ranchi,hi
ADV100128,Ravi Singh,ravi.singh128@example.com,9293244613,Corporate Law,OD,Bhubaneswar,kn
ADV100129,Naveen Kulkarni,naveen.kulkarni129@example.com,9164256156,Document Guidance,AP,Guntur,gu
ADV100130,Mohan Kulkarni,mohan.kulkarni130@example.com,9517231985,Advocate Required,AS,Dibrugarh,ml
ADV100131,Suresh Shah,suresh.shah131@example.com,9335908002,Employment Law,JH,Jamshedpur,ml
ADV100132,Vikram Thomas,vikram.thomas132@example.com,9253859097,Property Law,AP,Visakhapatnam,kn
ADV100133,Ajay Das,ajay.das133@example.com,9502925931,Employment Law,JH,Ranchi,ta
ADV100134,Pradeep Choudhary,pradeep.choudhary134@example.com,9597740346,Cyber Law,DL,Delhi,mr
ADV100135,Naveen Naidu,naveen.naidu135@example.com,9387262298,Cyber Law,MP,Gwalior,hi
ADV100136,Vishal Gupta,vishal.gupta136@example.com,9893625987,Data Protection,UK,Dehradun,te
ADV100137,Ajay Joshi,ajay.joshi137@example.com,9213898069,Contract Law,OD,Cuttack,kn
ADV100138,Sowmya Sharma,sowmya.sharma138@example.com,9569852195,Consumer Law,HP,Shimla,mr
ADV100139,Dinesh Patel,dinesh.patel139@example.com,9942403657,Cyber Law,BR,Gaya,or
ADV100140,Lakshmi Gupta,lakshmi.gupta140@example.com,9678506270,Employment Law,TN,Tiruchirappalli,te
ADV100141,Aditya Mishra,aditya.mishra141@example.com,9919456328,IP Law,RJ,Jodhpur,or
ADV100142,Aishwarya Krishnan,aishwarya.krishnan142@example.com,9892506814,Property Law,CH,Chandigarh,mr
ADV100143,Priya Bhat,priya.bhat143@example.com,9808948636,Property Law,UP,Prayagraj,ta
ADV100144,Sanjay Gupta,sanjay.gupta144@example.com,9635519066,Consumer Law,PB,Ludhiana,ta
ADV100145,Ajay Joshi,ajay.joshi145@example.com,9435942187,Property Law,HP,Dharamshala,pa
ADV100146,Sowmya Das,sowmya.das146@example.com,9915482606,IP Law,TS,Warangal,ta
ADV100147,Kavya Choudhary,kavya.choudhary147@example.com,9793594685,Tax Law,GJ,Rajkot,ml
ADV100148,Rohit Singh,rohit.singh148@example.com,9944411076,IT Law,CH,Chandigarh,kn
ADV100149,Sanjay Patel,sanjay.patel149@example.com,9794009201,Family Law,DL,New Delhi,ml
ADV100150,Bhavana Kumar,bhavana.kumar150@example.com,9737625658,Contract Law,DL,Delhi,hi
ADV100151,Ramya Verma,ramya.verma151@example.com,9248703126,IT Law,HR,Faridabad,mr
ADV100152,Shalini Rao,shalini.rao152@example.com,9512854692,Tax Law,JH,Jamshedpur,kn
ADV100153,Deepa Thomas,deepa.thomas153@example.com,9505525953,IP Law,WB,Kolkata,mr
ADV100154,Swetha Banerjee,swetha.banerjee154@example.com,9319949107,Consumer Law,KL,Kochi,gu
ADV100155,Sowmya Gupta,sowmya.gupta155@example.com,9866272508,Corporate Law,AP,Visakhapatnam,gu
ADV100156,Ishita Nair,ishita.nair156@example.com,9441203160,Consumer Law,KA,Bengaluru,or
ADV100157,Pradeep Bhat,pradeep.bhat157@example.com,9219589165,Contract Law,KL,Thrissur,te
ADV100158,Mohan Mehta,mohan.mehta158@example.com,9175755380,Corporate Law,TN,Vellore,gu
ADV100159,Ravi Singh,ravi.singh159@example.com,9339878933,Employment Law,MH,Nashik,mr
ADV100160,Ananya Mukherjee,ananya.mukherjee160@example.com,9360851465,Cyber Law,HR,Faridabad,gu
ADV100161,Nandhini Raj,nandhini.raj161@example.com,9486793901,Consumer Law,GO,Panaji,hi
ADV100162,Priya Nair,priya.nair162@example.com,9197899846,Advocate Required,GO,Panaji,gu
ADV100163,Ravi Rao,ravi.rao163@example.com,9333211003,IP Law,HP,Shimla,ta
ADV100164,Vikram Nair,vikram.nair164@example.com,9356920577,IT Law,KL,Thrissur,ml
ADV100165,Aishwarya Mishra,aishwarya.mishra165@example.com,9512044885,Cyber Law,KA,Mysuru,gu
ADV100166,Harini Pillai,harini.pillai166@example.com,9165225042,IT Law,KA,Mangaluru,mr
ADV100167,Arun Pillai,arun.pillai167@example.com,9555810927,Consumer Law,MH,Mumbai,kn
ADV100168,Bhavana Singh,bhavana.singh168@example.com,9344302439,Contract Law,DL,Delhi,ml
ADV100169,Priya Rao,priya.rao169@example.com,9268172861,Tax Law,TN,Erode,ta
ADV100170,Bhavana Iyer,bhavana.iyer170@example.com,9821789024,Criminal Law,TN,Erode,hi
ADV100171,Ananya Sharma,ananya.sharma171@example.com,9569033860,Property Law,CH,Chandigarh,hi
ADV100172,Deepa Naidu,deepa.naidu172@example.com,9539560791,Data Protection,DL,Delhi,en
ADV100173,Vikram Kulkarni,vikram.kulkarni173@example.com,9314433964,Data Protection,KA,Mysuru,ta
ADV100174,Revathi Mukherjee,revathi.mukherjee174@example.com,9908199293,Employment Law,DL,New Delhi,mr
ADV100175,Bhavana Pillai,bhavana.pillai175@example.com,9639922038,Corporate Law,DL,New Delhi,mr
ADV100176,Rahul Raj,rahul.raj176@example.com,9576359382,Tax Law,GJ,Rajkot,or
ADV100177,Ramya Das,ramya.das177@example.com,9656858748,Family Law,RJ,Jaipur,ta
ADV100178,Divya Naidu,divya.naidu178@example.com,9780679516,Family Law,HP,Dharamshala,gu
ADV100179,Naveen Singh,naveen.singh179@example.com,9408208805,Contract Law,UK,Haridwar,gu
ADV100180,Karthik Sharma,karthik.sharma180@example.com,9424886241,Cyber Law,MP,Gwalior,te
ADV100181,Rahul Bhat,rahul.bhat181@example.com,9203325459,Advocate Required,UP,Varanasi,ta
ADV100182,Lakshmi Thomas,lakshmi.thomas182@example.com,9592137880,Data Protection,JK,Jammu,en
ADV100183,Ramya Krishnan,ramya.krishnan183@example.com,9322818965,Advocate Required,JK,Jammu,hi
ADV100184,Pooja Mehta,pooja.mehta184@example.com,9872537572,Tax Law,UK,Haridwar,en
ADV100185,Sowmya Sharma,sowmya.sharma185@example.com,9698609493,Family Law,HR,Panipat,bn
ADV100186,Sanjay Thomas,sanjay.thomas186@example.com,9426829217,Criminal Law,WB,Durgapur,mr
ADV100187,Ajay Prasad,ajay.prasad187@example.com,9688953642,IP Law,CG,Raipur,ta
ADV100188,Swetha Krishnan,swetha.krishnan188@example.com,9186766389,Consumer Law,JH,Jamshedpur,or
ADV100189,Divya Verma,divya.verma189@example.com,9995216866,Criminal Law,PB,Ludhiana,ml
ADV100190,Sanjay Gupta,sanjay.gupta190@example.com,9133290644,IT Law,UK,Haridwar,ta
ADV100191,Ravi Pillai,ravi.pillai191@example.com,9223572645,IP Law,KA,Mysuru,te
ADV100192,Hari Mehta,hari.mehta192@example.com,9321122028,Property Law,KL,Kozhikode,bn
ADV100193,Ananya Bhat,ananya.bhat193@example.com,9502221665,Property Law,KA,Mangaluru,ta
ADV100194,Ganesh Gupta,ganesh.gupta194@example.com,9626504100,Data Protection,JK,Jammu,bn
ADV100195,Vishal Kulkarni,vishal.kulkarni195@example.com,9815716574,Cyber Law,MH,Pune,ml
ADV100196,Divya Mukherjee,divya.mukherjee196@example.com,9282807279,IP Law,KL,Thrissur,en
ADV100197,Revathi Joshi,revathi.joshi197@example.com,9972657968,Family Law,GJ,Ahmedabad,pa
ADV100198,Vikram Sinha,vikram.sinha198@example.com,9645354176,Property Law,HR,Gurugram,hi
ADV100199,Dinesh Sinha,dinesh.sinha199@example.com,9294916073,Data Protection,CG,Bhilai,pa
ADV100200,Hari Pillai,hari.pillai200@example.com,9917974379,Criminal Law,BR,Patna,ml
ADV100201,Ishita Reddy,ishita.reddy201@example.com,9789177150,Criminal Law,MP,Gwalior,hi
ADV100202,Harini Krishnan,harini.krishnan202@example.com,9129483950,Data Protection,TS,Hyderabad,kn
ADV100203,Sowmya Verma,sowmya.verma203@example.com,9213958492,Advocate Required,PB,Amritsar,en
ADV100204,Suresh Prasad,suresh.prasad204@example.com,9959566362,Employment Law,HP,Dharamshala,en
ADV100205,Bhavana Gupta,bhavana.gupta205@example.com,9406750108,Family Law,WB,Kolkata,hi
ADV100206,Sowmya Singh,sowmya.singh206@example.com,9764506121,IT Law,KA,Bengaluru,kn
ADV100207,Ramya Choudhary,ramya.choudhary207@example.com,9302640013,Data Protection,MH,Mumbai,bn
ADV100208,Ishita Sharma,ishita.sharma208@example.com,9806308914,Corporate Law,AP,Tirupati,kn
ADV100209,Sanjay Naidu,sanjay.naidu209@example.com,9790152457,Cyber Law,BR,Patna,ta
ADV100210,Swetha Reddy,swetha.reddy210@example.com,9226708690,Data Protection,GO,Panaji,pa
ADV100211,Naveen Das,naveen.das211@example.com,9963920786,Criminal Law,HP,Shimla,ml
ADV100212,Revathi Prasad,revathi.prasad212@example.com,9433642926,Advocate Required,KL,Thrissur,te
ADV100213,Bhavana Verma,bhavana.verma213@example.com,9948884181,Employment Law,KL,Thiruvananthapuram,hi
ADV100214,Vishal Thomas,vishal.thomas214@example.com,9712665484,Advocate Required,AP,Visakhapatnam,pa
ADV100215,Keerthi Patel,keerthi.patel215@example.com,9586853028,Data Protection,MP,Indore,en
ADV100216,Sanjay George,sanjay.george216@example.com,9466616900,Consumer Law,UP,Varanasi,hi
ADV100217,Ajay Menon,ajay.menon217@example.com,9185796634,Family Law,KA,Mangaluru,ml
ADV100218,Mohan Prasad,mohan.prasad218@example.com,9559436600,Cyber Law,DL,Delhi,pa
ADV100219,Ajay Bhat,ajay.bhat219@example.com,9434894599,Tax Law,CG,Bhilai,mr
ADV100220,Ajay Iyer,ajay.iyer220@example.com,9133726840,Consumer Law,RJ,Jaipur,bn
ADV100221,Lakshmi Patel,lakshmi.patel221@example.com,9645094980,Data Protection,OD,Cuttack,or
ADV100222,Nandhini Menon,nandhini.menon222@example.com,9152212704,Employment Law,CT,Raipur,en
ADV100223,Surya Kulkarni,surya.kulkarni223@example.com,9406644124,Data Protection,AP,Visakhapatnam,te
ADV100224,Divya Mukherjee,divya.mukherjee224@example.com,9793697307,Corporate Law,RJ,Kota,te
ADV100225,Rohit Iyer,rohit.iyer225@example.com,9945788180,Contract Law,UP,Prayagraj,te
ADV100226,Vishal Banerjee,vishal.banerjee226@example.com,9144630871,Corporate Law,RJ,Udaipur,en
ADV100227,Arun Menon,arun.menon227@example.com,9705510324,Tax Law,AS,Guwahati,gu
ADV100228,Vivek Iyer,vivek.iyer228@example.com,9491192821,IT Law,MH,Pune,kn
ADV100229,Keerthi Menon,keerthi.menon229@example.com,9321904734,IT Law,DL,New Delhi,hi
ADV100230,Aditya Rao,aditya.rao230@example.com,9373299800,Data Protection,PB,Amritsar,kn
ADV100231,Divya Gupta,divya.gupta231@example.com,9809553284,IT Law,DL,New Delhi,ta
ADV100232,Lakshmi Sharma,lakshmi.sharma232@example.com,9393621510,Consumer Law,CH,Chandigarh,bn
ADV100233,Dinesh Joshi,dinesh.joshi233@example.com,9524272657,Data Protection,JH,Ranchi,bn
ADV100234,Naveen George,naveen.george234@example.com,9543346235,IT Law,RJ,Kota,bn
ADV100235,Ishita George,ishita.george235@example.com,9411188242,IP Law,AS,Guwahati,bn
ADV100236,Kavya Reddy,kavya.reddy236@example.com,9840182800,Family Law,OD,Rourkela,te
ADV100237,Vishal Mehta,vishal.mehta237@example.com,9188824621,IT Law,GO,Margao,or
ADV100238,Pooja Kumar,pooja.kumar238@example.com,9975083515,IP Law,CG,Bhilai,hi
ADV100239,Swetha Kumar,swetha.kumar239@example.com,9664220883,Family Law,WB,Kolkata,gu
ADV100240,Karthik Das,karthik.das240@example.com,9877957592,Criminal Law,KA,Bengaluru,mr
ADV100241,Ramya Iyer,ramya.iyer241@example.com,9728362004,Cyber Law,BR,Gaya,gu
ADV100242,Ananya Banerjee,ananya.banerjee242@example.com,9308854888,IP Law,HP,Dharamshala,pa
ADV100243,Pradeep Gupta,pradeep.gupta243@example.com,9629651304,IP Law,DL,Delhi,or
ADV100244,Surya Menon,surya.menon244@example.com,9489444386,Document Guidance,CG,Raipur,ta
ADV100245,Ananya Kumar,ananya.kumar245@example.com,9116063123,IT Law,AS,Dibrugarh,kn
ADV100246,Ananya Naidu,ananya.naidu246@example.com,9609117837,IP Law,BR,Gaya,bn
ADV100247,Aditya Mehta,aditya.mehta247@example.com,9837605534,Corporate Law,BR,Muzaffarpur,hi
ADV100248,Ajay Naidu,ajay.naidu248@example.com,9713097218,Contract Law,KA,Bengaluru,gu
ADV100249,Vikram Deshmukh,vikram.deshmukh249@example.com,9150510504,IT Law,MH,Mumbai,or
ADV100250,Shalini Verma,shalini.verma250@example.com,9249269457,Consumer Law,WB,Kolkata,ml
ADV100251,Ishita Banerjee,ishita.banerjee251@example.com,9496547684,Tax Law,MP,Jabalpur,gu
ADV100252,Swetha Patel,swetha.patel252@example.com,9999629795,Data Protection,WB,Durgapur,ml
ADV100253,Mohan Sharma,mohan.sharma253@example.com,9825519447,Consumer Law,GJ,Rajkot,te
ADV100254,Priya Banerjee,priya.banerjee254@example.com,9920354651,IP Law,HR,Faridabad,pa
ADV100255,Divya Raj,divya.raj255@example.com,9478049665,Property Law,GJ,Rajkot,te
ADV100256,Kavya Raj,kavya.raj256@example.com,9867644690,Advocate Required,HR,Gurugram,ta
ADV100257,Rohit Patel,rohit.patel257@example.com,9831631108,Advocate Required,BR,Muzaffarpur,en
ADV100258,Meena Mehta,meena.mehta258@example.com,9147227333,Advocate Required,GJ,Rajkot,mr
ADV100259,Rohit Deshmukh,rohit.deshmukh259@example.com,9161991925,Tax Law,CG,Bhilai,gu
ADV100260,Pooja Thomas,pooja.thomas260@example.com,9127257364,Consumer Law,BR,Gaya,ml
ADV100261,Swetha Patel,swetha.patel261@example.com,9695437540,Advocate Required,MP,Indore,gu
ADV100262,Deepa Mukherjee,deepa.mukherjee262@example.com,9855393655,Cyber Law,MH,Pune,gu
ADV100263,Ananya Reddy,ananya.reddy263@example.com,9691971778,Contract Law,CG,Raipur,ml
ADV100264,Dinesh Prasad,dinesh.prasad264@example.com,9526985744,Document Guidance,OD,Rourkela,hi
ADV100265,Aishwarya Nair,aishwarya.nair265@example.com,9624266297,Criminal Law,KA,Bengaluru,ta
ADV100266,Ravi Mehta,ravi.mehta266@example.com,9857160374,Family Law,TN,Tiruchirappalli,te
ADV100267,Vivek Raj,vivek.raj267@example.com,9878789468,Consumer Law,CG,Raipur,pa
ADV100268,Pradeep Reddy,pradeep.reddy268@example.com,9998704982,IP Law,GO,Margao,bn
ADV100269,Shalini Menon,shalini.menon269@example.com,9593290859,Property Law,CH,Chandigarh,kn
ADV100270,Vivek Banerjee,vivek.banerjee270@example.com,9829127491,Employment Law,DL,Delhi,mr
ADV100271,Divya Shah,divya.shah271@example.com,9524935000,Criminal Law,OD,Cuttack,or
ADV100272,Ananya Rao,ananya.rao272@example.com,9927541756,IT Law,KL,Thiruvananthapuram,mr
ADV100273,Ravi Menon,ravi.menon273@example.com,9238596607,Cyber Law,JK,Srinagar,mr
ADV100274,Rohit Sinha,rohit.sinha274@example.com,9806362468,Tax Law,MP,Indore,kn
ADV100275,Shalini Das,shalini.das275@example.com,9601892583,Document Guidance,KA,Mangaluru,hi
ADV100276,Kavya Reddy,kavya.reddy276@example.com,9627661856,Data Protection,GJ,Ahmedabad,te
ADV100277,Karthik Mishra,karthik.mishra277@example.com,9705423958,Consumer Law,HR,Gurugram,or
ADV100278,Meena Kumar,meena.kumar278@example.com,9947818722,Cyber Law,HP,Shimla,hi
ADV100279,Kavya Prasad,kavya.prasad279@example.com,9936067833,IP Law,CH,Chandigarh,en
ADV100280,Keerthi Kulkarni,keerthi.kulkarni280@example.com,9508992756,Corporate Law,AP,Guntur,or
ADV100281,Deepa Mishra,deepa.mishra281@example.com,9824823321,Data Protection,GO,Margao,kn
ADV100282,Ananya Naidu,ananya.naidu282@example.com,9967423144,Corporate Law,KA,Mysuru,pa
ADV100283,Nandhini Krishnan,nandhini.krishnan283@example.com,9431361068,Employment Law,RJ,Kota,kn
ADV100284,Ravi Choudhary,ravi.choudhary284@example.com,9581485451,Consumer Law,RJ,Udaipur,hi
ADV100285,Harini Krishnan,harini.krishnan285@example.com,9932684656,Employment Law,KL,Kochi,te
ADV100286,Deepa Choudhary,deepa.choudhary286@example.com,9132908137,IT Law,DL,New Delhi,ta
ADV100287,Vikram Gupta,vikram.gupta287@example.com,9726244236,Corporate Law,MP,Indore,or
ADV100288,Revathi Iyer,revathi.iyer288@example.com,9506318252,Data Protection,CH,Chandigarh,hi
ADV100289,Divya Pillai,divya.pillai289@example.com,9475546671,Cyber Law,CH,Chandigarh,ta
ADV100290,Ravi Mukherjee,ravi.mukherjee290@example.com,9148193522,Cyber Law,RJ,Jaipur,mr
ADV100291,Swetha Mukherjee,swetha.mukherjee291@example.com,9689961121,Cyber Law,HP,Shimla,en
ADV100292,Hari Raj,hari.raj292@example.com,9623051551,Tax Law,CG,Bhilai,en
ADV100293,Rohit Bhat,rohit.bhat293@example.com,9296534914,Family Law,JH,Jamshedpur,pa
ADV100294,Aishwarya Sharma,aishwarya.sharma294@example.com,9322657533,IP Law,GO,Margao,en
ADV100295,Mohan Choudhary,mohan.choudhary295@example.com,9114007069,Family Law,HP,Shimla,kn
ADV100296,Revathi Krishnan,revathi.krishnan296@example.com,9394149932,Cyber Law,GO,Margao,en
ADV100297,Sanjay Bhat,sanjay.bhat297@example.com,9899815741,Corporate Law,GO,Panaji,pa
ADV100298,Karthik Singh,karthik.singh298@example.com,9146214019,Consumer Law,JH,Ranchi,or
ADV100299,Pooja Das,pooja.das299@example.com,9218910113,Document Guidance,OD,Cuttack,ml
ADV100300,Divya Kulkarni,divya.kulkarni300@example.com,9541551941,Tax Law,GJ,Vadodara,gu
ADV100301,Ganesh Sinha,ganesh.sinha301@example.com,9984514138,Employment Law,OD,Bhubaneswar,en
ADV100302,Karthik Singh,karthik.singh302@example.com,9278871440,IT Law,KA,Hubballi,mr
ADV100303,Sanjay Joshi,sanjay.joshi303@example.com,9219251897,Data Protection,AP,Visakhapatnam,bn
ADV100304,Karthik Sharma,karthik.sharma304@example.com,9440105713,Corporate Law,BR,Gaya,mr
ADV100305,Shalini Naidu,shalini.naidu305@example.com,9761450515,Advocate Required,UP,Lucknow,ml
ADV100306,Ajay Das,ajay.das306@example.com,9976348492,Property Law,CH,Chandigarh,te
ADV100307,Meena Kumar,meena.kumar307@example.com,9227841744,Document Guidance,MH,Pune,en
ADV100308,Surya Banerjee,surya.banerjee308@example.com,9532205059,Cyber Law,TS,Karimnagar,te
ADV100309,Deepa Sharma,deepa.sharma309@example.com,9565380396,Tax Law,JK,Jammu,hi
ADV100310,Rohit Raj,rohit.raj310@example.com,9175408589,Tax Law,PB,Chandigarh,bn
ADV100311,Rahul Kulkarni,rahul.kulkarni311@example.com,9117870159,Advocate Required,TN,Coimbatore,te
ADV100312,Mohan Raj,mohan.raj312@example.com,9892947154,Family Law,HP,Shimla,pa
ADV100313,Kavya Prasad,kavya.prasad313@example.com,9207848883,Data Protection,HR,Gurugram,pa
ADV100314,Vikram Gupta,vikram.gupta314@example.com,9636711556,IT Law,KA,Hubballi,mr
ADV100315,Ganesh Singh,ganesh.singh315@example.com,9146213233,Family Law,DL,New Delhi,en
ADV100316,Revathi Prasad,revathi.prasad316@example.com,9895561677,Cyber Law,RJ,Jaipur,bn
ADV100317,Harini Kumar,harini.kumar317@example.com,9387302429,Criminal Law,AP,Vijayawada,kn
ADV100318,Nandhini George,nandhini.george318@example.com,9500318879,Document Guidance,UP,Prayagraj,ml
ADV100319,Karthik Nair,karthik.nair319@example.com,9830558474,Family Law,CH,Chandigarh,te
ADV100320,Karthik Rao,karthik.rao320@example.com,9483927674,Consumer Law,CG,Raipur,en
ADV100321,Hari Kumar,hari.kumar321@example.com,9703176765,Property Law,MP,Bhopal,en
ADV100322,Mohan Kulkarni,mohan.kulkarni322@example.com,9716995817,Data Protection,CG,Bhilai,hi
ADV100323,Aishwarya Deshmukh,aishwarya.deshmukh323@example.com,9672297801,Employment Law,GO,Panaji,en
ADV100324,Harini Mukherjee,harini.mukherjee324@example.com,9845056294,Contract Law,BR,Muzaffarpur,pa
ADV100325,Harini Choudhary,harini.choudhary325@example.com,9368518956,Criminal Law,KA,Bengaluru,ml
ADV100326,Suresh Shah,suresh.shah326@example.com,9376580672,Corporate Law,AS,Dibrugarh,mr
ADV100327,Rohit Raj,rohit.raj327@example.com,9387803038,Advocate Required,AP,Visakhapatnam,or
ADV100328,Sowmya Pillai,sowmya.pillai328@example.com,9146114000,Document Guidance,UK,Dehradun,ml
ADV100329,Rohit Mishra,rohit.mishra329@example.com,9444092031,Contract Law,OD,Rourkela,te
ADV100330,Hari Menon,hari.menon330@example.com,9100923745,IT Law,CG,Raipur,kn
ADV100331,Pooja Naidu,pooja.naidu331@example.com,9726485274,Tax Law,HP,Dharamshala,pa
ADV100332,Ajay Shah,ajay.shah332@example.com,9736560672,IT Law,OD,Rourkela,pa
ADV100333,Aishwarya Patel,aishwarya.patel333@example.com,9472971350,Cyber Law,KL,Thiruvananthapuram,bn
ADV100334,Mohan Patel,mohan.patel334@example.com,9172310971,Tax Law,AS,Guwahati,kn
ADV100335,Kavya Krishnan,kavya.krishnan335@example.com,9629652948,Document Guidance,TN,Tirunelveli,kn
ADV100336,Vivek George,vivek.george336@example.com,9885393585,Cyber Law,JH,Ranchi,ml
ADV100337,Manoj Pillai,manoj.pillai337@example.com,9825939306,Corporate Law,CG,Bhilai,en
ADV100338,Deepa Naidu,deepa.naidu338@example.com,9232479687,Advocate Required,JH,Ranchi,hi
ADV100339,Mohan Das,mohan.das339@example.com,9724884432,Consumer Law,CT,Raipur,or
ADV100340,Sneha Sinha,sneha.sinha340@example.com,9119423188,Tax Law,UP,Noida,en
ADV100341,Swetha Choudhary,swetha.choudhary341@example.com,9459119592,Data Protection,OD,Bhubaneswar,ml
ADV100342,Divya Sinha,divya.sinha342@example.com,9859087249,Family Law,DL,New Delhi,bn
ADV100343,Kavya Deshmukh,kavya.deshmukh343@example.com,9222118123,Tax Law,AP,Vijayawada,hi
ADV100344,Ishita Rao,ishita.rao344@example.com,9881736348,Property Law,RJ,Kota,gu
ADV100345,Shalini Patel,shalini.patel345@example.com,9164342477,Family Law,OD,Rourkela,te
ADV100346,Manoj Krishnan,manoj.krishnan346@example.com,9955771281,Data Protection,HP,Shimla,gu
ADV100347,Rohit Sinha,rohit.sinha347@example.com,9754036501,Advocate Required,BR,Patna,en
ADV100348,Suresh Kumar,suresh.kumar348@example.com,9437781356,Consumer Law,GJ,Rajkot,mr
ADV100349,Swetha Kulkarni,swetha.kulkarni349@example.com,9553131559,IT Law,TN,Erode,te
ADV100350,Pradeep Pillai,pradeep.pillai350@example.com,9579190745,Criminal Law,UK,Haridwar,bn
ADV100351,Lakshmi Banerjee,lakshmi.banerjee351@example.com,9852710599,Employment Law,KA,Hubballi,bn
ADV100352,Divya Singh,divya.singh352@example.com,9946922337,Document Guidance,WB,Kolkata,mr
ADV100353,Kavya George,kavya.george353@example.com,9689009559,Document Guidance,OD,Rourkela,kn
ADV100354,Vivek Joshi,vivek.joshi354@example.com,9190535387,Contract Law,AP,Guntur,bn
ADV100355,Ravi Choudhary,ravi.choudhary355@example.com,9267777830,IP Law,AS,Guwahati,kn
ADV100356,Ravi Shah,ravi.shah356@example.com,9905729195,Document Guidance,KA,Mangaluru,bn
ADV100357,Ravi Kumar,ravi.kumar357@example.com,9815293754,Employment Law,UK,Haridwar,ta
ADV100358,Kavya Verma,kavya.verma358@example.com,9784732574,Consumer Law,CT,Raipur,gu
ADV100359,Karthik Das,karthik.das359@example.com,9102192420,Employment Law,BR,Patna,or
ADV100360,Nandhini Mishra,nandhini.mishra360@example.com,9281367818,Family Law,GJ,Vadodara,or
ADV100361,Suresh Rao,suresh.rao361@example.com,9879351814,IT Law,AS,Guwahati,or
ADV100362,Meena Mishra,meena.mishra362@example.com,9987269236,IP Law,HP,Shimla,ml
ADV100363,Ajay Shah,ajay.shah363@example.com,9494077272,Tax Law,KL,Thiruvananthapuram,mr
ADV100364,Shalini Kumar,shalini.kumar364@example.com,9264228513,Criminal Law,JK,Jammu,ml
ADV100365,Aditya Singh,aditya.singh365@example.com,9116902765,Tax Law,UK,Dehradun,kn
ADV100366,Vishal Naidu,vishal.naidu366@example.com,9167588418,IT Law,MH,Nashik,pa
ADV100367,Ramya Banerjee,ramya.banerjee367@example.com,9860788442,Advocate Required,CT,Raipur,en
ADV100368,Sowmya Singh,sowmya.singh368@example.com,9500456812,Data Protection,KA,Mangaluru,mr
ADV100369,Meena Rao,meena.rao369@example.com,9106314793,Contract Law,PB,Ludhiana,ta
ADV100370,Kavya Mehta,kavya.mehta370@example.com,9671152005,Corporate Law,RJ,Kota,bn
ADV100371,Vishal Nair,vishal.nair371@example.com,9719440383,Corporate Law,KA,Hubballi,te
ADV100372,Kavya Iyer,kavya.iyer372@example.com,9231614265,Document Guidance,MP,Bhopal,kn
ADV100373,Rahul Das,rahul.das373@example.com,9937348577,Cyber Law,RJ,Kota,te
ADV100374,Nandhini Sinha,nandhini.sinha374@example.com,9565733535,Consumer Law,TN,Madurai,ta
ADV100375,Swetha Raj,swetha.raj375@example.com,9502303751,IT Law,HP,Dharamshala,gu
ADV100376,Dinesh Sharma,dinesh.sharma376@example.com,9401452727,Cyber Law,UK,Dehradun,mr
ADV100377,Ramya Kumar,ramya.kumar377@example.com,9941711582,Corporate Law,TN,Coimbatore,pa
ADV100378,Pooja Gupta,pooja.gupta378@example.com,9424112544,Advocate Required,BR,Muzaffarpur,or
ADV100379,Vivek Reddy,vivek.reddy379@example.com,9123940462,Employment Law,JK,Jammu,gu
ADV100380,Vishal Shah,vishal.shah380@example.com,9143069680,Contract Law,CH,Chandigarh,ml
ADV100381,Revathi George,revathi.george381@example.com,9282317516,Contract Law,AS,Dibrugarh,pa
ADV100382,Priya Singh,priya.singh382@example.com,9508781961,Document Guidance,WB,Durgapur,pa
ADV100383,Vishal Banerjee,vishal.banerjee383@example.com,9557723461,Consumer Law,DL,Delhi,pa
ADV100384,Surya Mukherjee,surya.mukherjee384@example.com,9363681849,Data Protection,CH,Chandigarh,ml
ADV100385,Rahul Pillai,rahul.pillai385@example.com,9113926960,Tax Law,DL,Delhi,bn
ADV100386,Pooja Deshmukh,pooja.deshmukh386@example.com,9503744469,Criminal Law,GO,Panaji,ml
ADV100387,Sneha Krishnan,sneha.krishnan387@example.com,9721223685,Employment Law,TN,Tirunelveli,ml
ADV100388,Nandhini Rao,nandhini.rao388@example.com,9899863033,Criminal Law,TN,Tiruchirappalli,ml
ADV100389,Divya Iyer,divya.iyer389@example.com,9512535696,Family Law,BR,Patna,gu
ADV100390,Vishal Deshmukh,vishal.deshmukh390@example.com,9568707952,Advocate Required,CT,Raipur,or
ADV100391,Bhavana Mukherjee,bhavana.mukherjee391@example.com,9680373031,Data Protection,TN,Tirunelveli,pa
ADV100392,Pradeep Verma,pradeep.verma392@example.com,9860363738,Property Law,OD,Bhubaneswar,bn
ADV100393,Aishwarya Gupta,aishwarya.gupta393@example.com,9142731537,IT Law,JH,Jamshedpur,gu
ADV100394,Aditya Iyer,aditya.iyer394@example.com,9198325255,Family Law,AP,Tirupati,or
ADV100395,Ajay Kulkarni,ajay.kulkarni395@example.com,9465818726,Document Guidance,MH,Nashik,mr
ADV100396,Rohit Menon,rohit.menon396@example.com,9277851891,Document Guidance,OD,Rourkela,bn
ADV100397,Ganesh Mishra,ganesh.mishra397@example.com,9425346238,Tax Law,UP,Lucknow,or
ADV100398,Rahul Patel,rahul.patel398@example.com,9128014217,Cyber Law,KA,Mangaluru,kn
ADV100399,Ramya Deshmukh,ramya.deshmukh399@example.com,9410047831,Criminal Law,GO,Margao,te
ADV100400,Rahul Das,rahul.das400@example.com,9418780828,IP Law,KA,Mysuru,or
ADV100401,Shalini Pillai,shalini.pillai401@example.com,9332193760,IP Law,JH,Jamshedpur,te
ADV100402,Harini Bhat,harini.bhat402@example.com,9885937996,Data Protection,TS,Karimnagar,ta
ADV100403,Ganesh Menon,ganesh.menon403@example.com,9584312780,Cyber Law,JK,Jammu,pa
ADV100404,Ananya Krishnan,ananya.krishnan404@example.com,9113885671,Document Guidance,UK,Dehradun,pa
ADV100405,Rahul George,rahul.george405@example.com,9962141556,Contract Law,TN,Vellore,kn
ADV100406,Sanjay Sinha,sanjay.sinha406@example.com,9942566601,Family Law,UP,Kanpur,ta
ADV100407,Sanjay Patel,sanjay.patel407@example.com,9844529264,Tax Law,HP,Dharamshala,pa
ADV100408,Aditya Das,aditya.das408@example.com,9622967146,Contract Law,KL,Thiruvananthapuram,ml
ADV100409,Bhavana Gupta,bhavana.gupta409@example.com,9495726252,Family Law,MH,Pune,bn
ADV100410,Bhavana Reddy,bhavana.reddy410@example.com,9312760188,IP Law,GJ,Rajkot,en
ADV100411,Deepa Banerjee,deepa.banerjee411@example.com,9325955547,Tax Law,CH,Chandigarh,en
ADV100412,Harini Bhat,harini.bhat412@example.com,9652491402,Cyber Law,RJ,Kota,pa
ADV100413,Sowmya Deshmukh,sowmya.deshmukh413@example.com,9246459627,Tax Law,PB,Amritsar,or
ADV100414,Sneha Verma,sneha.verma414@example.com,9443657664,Corporate Law,PB,Amritsar,bn
ADV100415,Dinesh Joshi,dinesh.joshi415@example.com,9353289164,Tax Law,JK,Jammu,ta
ADV100416,Ganesh Shah,ganesh.shah416@example.com,9498588480,Document Guidance,GJ,Ahmedabad,ml
ADV100417,Sanjay Rao,sanjay.rao417@example.com,9513811720,Criminal Law,OD,Cuttack,kn
ADV100418,Swetha Choudhary,swetha.choudhary418@example.com,9719113569,Tax Law,GJ,Ahmedabad,en
ADV100419,Deepa Nair,deepa.nair419@example.com,9839490228,Consumer Law,AP,Visakhapatnam,or
ADV100420,Deepa Mehta,deepa.mehta420@example.com,9532236059,Data Protection,CH,Chandigarh,ta
ADV100421,Manoj Naidu,manoj.naidu421@example.com,9227217424,Employment Law,TN,Tiruchirappalli,te
ADV100422,Priya Rao,priya.rao422@example.com,9133114894,Property Law,KL,Thiruvananthapuram,ml
ADV100423,Kavya Mukherjee,kavya.mukherjee423@example.com,9577877399,Criminal Law,HP,Dharamshala,bn
ADV100424,Arun Shah,arun.shah424@example.com,9157068258,Data Protection,BR,Muzaffarpur,mr
ADV100425,Swetha Prasad,swetha.prasad425@example.com,9211269622,Tax Law,CG,Bhilai,pa
ADV100426,Rohit Krishnan,rohit.krishnan426@example.com,9296046567,IT Law,WB,Siliguri,gu
ADV100427,Ravi Mehta,ravi.mehta427@example.com,9355026417,Advocate Required,GJ,Vadodara,hi
ADV100428,Revathi Das,revathi.das428@example.com,9743662397,Data Protection,GO,Panaji,gu
ADV100429,Ishita Mishra,ishita.mishra429@example.com,9723138476,Property Law,CT,Raipur,bn
ADV100430,Meena Sharma,meena.sharma430@example.com,9157641275,Tax Law,KA,Hubballi,ta
ADV100431,Kavya Krishnan,kavya.krishnan431@example.com,9561299813,Tax Law,TS,Hyderabad,hi
ADV100432,Naveen Bhat,naveen.bhat432@example.com,9653942257,Employment Law,PB,Chandigarh,bn
ADV100433,Ananya Patel,ananya.patel433@example.com,9565016101,Consumer Law,GO,Panaji,te
ADV100434,Pooja Rao,pooja.rao434@example.com,9554538000,Advocate Required,GO,Margao,mr
ADV100435,Lakshmi Bhat,lakshmi.bhat435@example.com,9934312066,IT Law,GJ,Vadodara,kn
ADV100436,Arun Mehta,arun.mehta436@example.com,9133804278,Employment Law,CH,Chandigarh,te
ADV100437,Ganesh Thomas,ganesh.thomas437@example.com,9275593034,Tax Law,UK,Haridwar,bn
ADV100438,Ananya Thomas,ananya.thomas438@example.com,9613195285,Corporate Law,PB,Ludhiana,hi
ADV100439,Pradeep Choudhary,pradeep.choudhary439@example.com,9129615627,Tax Law,HP,Dharamshala,ta
ADV100440,Lakshmi Rao,lakshmi.rao440@example.com,9997505407,Corporate Law,KA,Mangaluru,ml
ADV100441,Pooja George,pooja.george441@example.com,9172713433,Contract Law,MP,Bhopal,or
ADV100442,Nandhini George,nandhini.george442@example.com,9384381470,Contract Law,HP,Dharamshala,en
ADV100443,Manoj Krishnan,manoj.krishnan443@example.com,9585841158,Property Law,MH,Nagpur,ml
ADV100444,Vikram Kulkarni,vikram.kulkarni444@example.com,9797979903,Employment Law,JH,Ranchi,kn
ADV100445,Vikram Sinha,vikram.sinha445@example.com,9705850665,Employment Law,JH,Ranchi,bn
ADV100446,Bhavana Das,bhavana.das446@example.com,9756246006,Employment Law,CG,Raipur,en
ADV100447,Ishita Joshi,ishita.joshi447@example.com,9635137989,Corporate Law,UK,Dehradun,mr
ADV100448,Deepa Kumar,deepa.kumar448@example.com,9671798997,Criminal Law,CT,Raipur,ta
ADV100449,Vikram Deshmukh,vikram.deshmukh449@example.com,9166308515,Contract Law,OD,Bhubaneswar,gu
ADV100450,Aishwarya Sinha,aishwarya.sinha450@example.com,9681344974,IT Law,JK,Srinagar,bn
ADV100451,Kavya George,kavya.george451@example.com,9471684324,Property Law,AP,Tirupati,hi
ADV100452,Arun George,arun.george452@example.com,9919210603,Family Law,KL,Kochi,en
ADV100453,Karthik Naidu,karthik.naidu453@example.com,9371217578,Employment Law,HR,Panipat,gu
ADV100454,Surya Mishra,surya.mishra454@example.com,9493374358,Family Law,OD,Rourkela,ta
ADV100455,Aditya Pillai,aditya.pillai455@example.com,9790396962,Corporate Law,DL,Delhi,ta
ADV100456,Sowmya Verma,sowmya.verma456@example.com,9969636969,Criminal Law,JH,Jamshedpur,en
ADV100457,Ananya Pillai,ananya.pillai457@example.com,9632584936,Contract Law,AS,Dibrugarh,kn
ADV100458,Kavya Pillai,kavya.pillai458@example.com,9169707318,Corporate Law,HP,Shimla,mr
ADV100459,Ravi Kumar,ravi.kumar459@example.com,9798847351,Employment Law,CT,Raipur,bn
ADV100460,Sneha Choudhary,sneha.choudhary460@example.com,9540723914,Employment Law,DL,Delhi,te
ADV100461,Rahul Rao,rahul.rao461@example.com,9566896348,Property Law,TN,Coimbatore,gu
ADV100462,Rohit Bhat,rohit.bhat462@example.com,9409680977,Criminal Law,TS,Warangal,mr
ADV100463,Ramya Pillai,ramya.pillai463@example.com,9470094296,Consumer Law,HR,Gurugram,or
ADV100464,Surya Mishra,surya.mishra464@example.com,9230329841,Family Law,WB,Siliguri,ta
ADV100465,Harini Sharma,harini.sharma465@example.com,9336977608,Employment Law,WB,Durgapur,te
ADV100466,Karthik Gupta,karthik.gupta466@example.com,9291371081,IT Law,DL,New Delhi,kn
ADV100467,Suresh Patel,suresh.patel467@example.com,9497242691,IP Law,GO,Panaji,or
ADV100468,Harini Choudhary,harini.choudhary468@example.com,9424125442,Advocate Required,MP,Bhopal,kn
ADV100469,Nandhini Gupta,nandhini.gupta469@example.com,9350721012,Family Law,AS,Dibrugarh,hi
ADV100470,Meena Krishnan,meena.krishnan470@example.com,9461449567,Employment Law,UP,Varanasi,or
ADV100471,Pooja Kulkarni,pooja.kulkarni471@example.com,9458245523,Property Law,GJ,Vadodara,bn
ADV100472,Sneha Thomas,sneha.thomas472@example.com,9544614568,Document Guidance,PB,Amritsar,ml
ADV100473,Priya George,priya.george473@example.com,9128775151,Document Guidance,RJ,Jaipur,te
ADV100474,Nandhini Das,nandhini.das474@example.com,9502160556,Family Law,AS,Guwahati,or
ADV100475,Sanjay Raj,sanjay.raj475@example.com,9754818728,Property Law,KA,Hubballi,en
ADV100476,Aishwarya Krishnan,aishwarya.krishnan476@example.com,9989787119,Contract Law,HR,Panipat,hi
ADV100477,Ravi Nair,ravi.nair477@example.com,9644151167,Contract Law,GJ,Ahmedabad,kn
ADV100478,Bhavana Bhat,bhavana.bhat478@example.com,9985267987,Family Law,JK,Jammu,bn
ADV100479,Nandhini Pillai,nandhini.pillai479@example.com,9719326222,Contract Law,MP,Gwalior,or
ADV100480,Hari Nair,hari.nair480@example.com,9498665936,Property Law,UK,Dehradun,pa
ADV100481,Hari Thomas,hari.thomas481@example.com,9824458877,Criminal Law,RJ,Udaipur,te
ADV100482,Hari Verma,hari.verma482@example.com,9249083886,Advocate Required,UK,Dehradun,or
ADV100483,Keerthi Prasad,keerthi.prasad483@example.com,9863148526,Criminal Law,BR,Patna,ml
ADV100484,Karthik Bhat,karthik.bhat484@example.com,9430368582,Tax Law,GJ,Surat,mr
ADV100485,Kavya Nair,kavya.nair485@example.com,9500581354,IP Law,MH,Pune,en
ADV100486,Sowmya Deshmukh,sowmya.deshmukh486@example.com,9352062052,Advocate Required,CT,Raipur,gu
ADV100487,Shalini Joshi,shalini.joshi487@example.com,9982325531,Contract Law,OD,Rourkela,ml
ADV100488,Vishal Prasad,vishal.prasad488@example.com,9487613294,IT Law,MP,Bhopal,ml
ADV100489,Nandhini Singh,nandhini.singh489@example.com,9428850454,Contract Law,JH,Jamshedpur,hi
ADV100490,Meena Pillai,meena.pillai490@example.com,9412440608,IT Law,PB,Ludhiana,mr
ADV100491,Revathi Rao,revathi.rao491@example.com,9117390223,Corporate Law,AP,Guntur,en
ADV100492,Rahul Verma,rahul.verma492@example.com,9202568774,Advocate Required,HP,Dharamshala,or
ADV100493,Nandhini Joshi,nandhini.joshi493@example.com,9208474328,Corporate Law,RJ,Kota,pa
ADV100494,Bhavana Kulkarni,bhavana.kulkarni494@example.com,9874156649,Criminal Law,OD,Rourkela,ta
ADV100495,Vivek Rao,vivek.rao495@example.com,9389672671,Cyber Law,TN,Coimbatore,bn
ADV100496,Swetha Menon,swetha.menon496@example.com,9388426513,Corporate Law,OD,Rourkela,hi
ADV100497,Meena Joshi,meena.joshi497@example.com,9877013359,Document Guidance,HR,Panipat,ta
ADV100498,Revathi Pillai,revathi.pillai498@example.com,9332530311,Data Protection,CG,Bhilai,ta
ADV100499,Sowmya Iyer,sowmya.iyer499@example.com,9417553581,Contract Law,HR,Panipat,bn
ADV100500,Arun Naidu,arun.naidu500@example.com,9914989337,Property Law,RJ,Kota,ta
ADV100501,Manoj Gupta,manoj.gupta501@example.com,9391254796,Advocate Required,WB,Kolkata,kn
ADV100502,Revathi Thomas,revathi.thomas502@example.com,9702382048,Criminal Law,UK,Dehradun,te
ADV100503,Bhavana Iyer,bhavana.iyer503@example.com,9115262964,Tax Law,UP,Lucknow,bn
ADV100504,Ajay Bhat,ajay.bhat504@example.com,9907711229,IP Law,TS,Nizamabad,ml
ADV100505,Ananya Iyer,ananya.iyer505@example.com,9204215800,Data Protection,AP,Vijayawada,hi
ADV100506,Swetha Reddy,swetha.reddy506@example.com,9369665813,Tax Law,GJ,Ahmedabad,bn
ADV100507,Deepa Menon,deepa.menon507@example.com,9780463561,Document Guidance,AS,Guwahati,pa
ADV100508,Mohan Banerjee,mohan.banerjee508@example.com,9327110041,Data Protection,CT,Raipur,ta
ADV100509,Aditya Verma,aditya.verma509@example.com,9846153475,Consumer Law,WB,Kolkata,hi
ADV100510,Surya Reddy,surya.reddy510@example.com,9817102606,Advocate Required,RJ,Kota,or
ADV100511,Kavya Iyer,kavya.iyer511@example.com,9377907102,Advocate Required,JK,Srinagar,te
ADV100512,Mohan Naidu,mohan.naidu512@example.com,9710116825,Cyber Law,AS,Guwahati,bn
ADV100513,Rohit Shah,rohit.shah513@example.com,9422392262,Criminal Law,TN,Coimbatore,pa
ADV100514,Naveen Sinha,naveen.sinha514@example.com,9100195108,Criminal Law,CG,Bhilai,en
ADV100515,Sneha Menon,sneha.menon515@example.com,9166274226,Employment Law,KA,Hubballi,en
ADV100516,Priya Mishra,priya.mishra516@example.com,9815327045,Data Protection,PB,Amritsar,mr
ADV100517,Pooja Iyer,pooja.iyer517@example.com,9246865435,Corporate Law,GJ,Vadodara,gu
ADV100518,Mohan Joshi,mohan.joshi518@example.com,9899876569,Corporate Law,AS,Guwahati,or
ADV100519,Vishal Shah,vishal.shah519@example.com,9120580217,Document Guidance,MP,Indore,bn
ADV100520,Pradeep Kulkarni,pradeep.kulkarni520@example.com,9314860030,Corporate Law,HP,Shimla,ml
ADV100521,Meena Kulkarni,meena.kulkarni521@example.com,9122435122,Property Law,GO,Panaji,te
ADV100522,Ramya Mehta,ramya.mehta522@example.com,9218121202,Criminal Law,MH,Nashik,kn
ADV100523,Harini Patel,harini.patel523@example.com,9816194377,Criminal Law,JK,Jammu,or
ADV100524,Sowmya Banerjee,sowmya.banerjee524@example.com,9447028822,Property Law,KA,Mangaluru,te
ADV100525,Vivek Naidu,vivek.naidu525@example.com,9633175308,Contract Law,MP,Gwalior,bn
ADV100526,Hari Bhat,hari.bhat526@example.com,9743203301,Data Protection,RJ,Udaipur,bn
ADV100527,Sneha Das,sneha.das527@example.com,9842503022,Corporate Law,GJ,Rajkot,gu
ADV100528,Suresh Kulkarni,suresh.kulkarni528@example.com,9665855952,Data Protection,BR,Patna,hi
ADV100529,Deepa Banerjee,deepa.banerjee529@example.com,9642302346,IT Law,PB,Chandigarh,pa
ADV100530,Nandhini Mishra,nandhini.mishra530@example.com,9827459970,Consumer Law,UP,Prayagraj,te
ADV100531,Deepa Shah,deepa.shah531@example.com,9214029735,Tax Law,CT,Raipur,bn
ADV100532,Lakshmi Joshi,lakshmi.joshi532@example.com,9688141095,IP Law,TS,Nizamabad,gu
ADV100533,Naveen Naidu,naveen.naidu533@example.com,9758292353,IT Law,AS,Guwahati,ml
ADV100534,Ajay Iyer,ajay.iyer534@example.com,9943119664,Contract Law,JH,Jamshedpur,te
ADV100535,Nandhini Reddy,nandhini.reddy535@example.com,9990824730,Tax Law,JK,Srinagar,bn
ADV100536,Aishwarya Sharma,aishwarya.sharma536@example.com,9935051915,Advocate Required,CH,Chandigarh,ta
ADV100537,Priya Sinha,priya.sinha537@example.com,9342275252,Property Law,GJ,Surat,bn
ADV100538,Shalini Das,shalini.das538@example.com,9961141522,Property Law,PB,Ludhiana,bn
ADV100539,Kavya George,kavya.george539@example.com,9150108370,Consumer Law,HP,Shimla,pa
ADV100540,Rahul Gupta,rahul.gupta540@example.com,9828319264,Tax Law,JK,Srinagar,ml
ADV100541,Pradeep Mishra,pradeep.mishra541@example.com,9714019943,Property Law,DL,New Delhi,ta
ADV100542,Rohit Kumar,rohit.kumar542@example.com,9831174805,Consumer Law,HR,Panipat,ml
ADV100543,Vivek Menon,vivek.menon543@example.com,9729860265,Tax Law,BR,Patna,ml
ADV100544,Lakshmi Banerjee,lakshmi.banerjee544@example.com,9803855793,Advocate Required,CT,Raipur,mr
ADV100545,Aditya Choudhary,aditya.choudhary545@example.com,9219879204,Criminal Law,JK,Jammu,kn
ADV100546,Vikram Sharma,vikram.sharma546@example.com,9655438836,Employment Law,AS,Guwahati,pa
ADV100547,Sowmya Thomas,sowmya.thomas547@example.com,9288536377,Family Law,GO,Margao,pa
ADV100548,Pradeep George,pradeep.george548@example.com,9328131086,Employment Law,MH,Nashik,bn
ADV100549,Mohan Bhat,mohan.bhat549@example.com,9952399037,Employment Law,KL,Kochi,or
ADV100550,Shalini Naidu,shalini.naidu550@example.com,9658790808,Data Protection,BR,Gaya,ta
ADV100551,Lakshmi Nair,lakshmi.nair551@example.com,9217134837,Cyber Law,DL,Delhi,bn
ADV100552,Priya Mukherjee,priya.mukherjee552@example.com,9700893910,Tax Law,TN,Coimbatore,hi
ADV100553,Hari Prasad,hari.prasad553@example.com,9141009120,Property Law,MH,Nagpur,en
ADV100554,Ravi Thomas,ravi.thomas554@example.com,9887328297,Employment Law,UK,Haridwar,mr
ADV100555,Ajay Gupta,ajay.gupta555@example.com,9763874670,Advocate Required,JH,Ranchi,en
ADV100556,Hari Menon,hari.menon556@example.com,9623211607,Employment Law,BR,Muzaffarpur,pa
ADV100557,Shalini Thomas,shalini.thomas557@example.com,9873949649,Tax Law,BR,Gaya,ml
ADV100558,Karthik Nair,karthik.nair558@example.com,9650114739,Tax Law,CG,Raipur,or
ADV100559,Aditya Pillai,aditya.pillai559@example.com,9791180926,Cyber Law,KL,Kozhikode,hi
ADV100560,Surya Bhat,surya.bhat560@example.com,9325566869,Tax Law,CT,Raipur,ml
ADV100561,Rohit Sinha,rohit.sinha561@example.com,9195840350,Contract Law,HP,Dharamshala,hi
ADV100562,Vivek Pillai,vivek.pillai562@example.com,9693409585,IT Law,OD,Bhubaneswar,pa
ADV100563,Aditya Pillai,aditya.pillai563@example.com,9980687166,Consumer Law,HR,Panipat,bn
ADV100564,Nandhini Mishra,nandhini.mishra564@example.com,9894078809,Document Guidance,MP,Jabalpur,ml
ADV100565,Priya Raj,priya.raj565@example.com,9597907428,Family Law,GO,Margao,pa
ADV100566,Surya Menon,surya.menon566@example.com,9327323562,Criminal Law,JK,Jammu,mr
ADV100567,Sneha Mehta,sneha.mehta567@example.com,9294232026,Consumer Law,PB,Amritsar,kn
ADV100568,Ravi Patel,ravi.patel568@example.com,9309965552,Property Law,KL,Thrissur,te
ADV100569,Arun Reddy,arun.reddy569@example.com,9713563479,Consumer Law,AP,Vijayawada,pa
ADV100570,Meena Prasad,meena.prasad570@example.com,9531695438,Employment Law,AS,Dibrugarh,or
ADV100571,Keerthi Kumar,keerthi.kumar571@example.com,9180140769,Contract Law,KL,Kozhikode,or
ADV100572,Suresh Kumar,suresh.kumar572@example.com,9541347767,Criminal Law,TN,Salem,ml
ADV100573,Meena Singh,meena.singh573@example.com,9947512917,Property Law,AS,Dibrugarh,mr
ADV100574,Ajay Mukherjee,ajay.mukherjee574@example.com,9727343857,IP Law,KA,Mysuru,en
ADV100575,Priya Pillai,priya.pillai575@example.com,9493287402,Employment Law,OD,Cuttack,bn
ADV100576,Sowmya Mukherjee,sowmya.mukherjee576@example.com,9965250809,Criminal Law,WB,Kolkata,hi
ADV100577,Bhavana Naidu,bhavana.naidu577@example.com,9199542678,IP Law,KL,Kochi,ta
ADV100578,Vivek Shah,vivek.shah578@example.com,9516206714,Criminal Law,TN,Tirunelveli,en
ADV100579,Sneha Patel,sneha.patel579@example.com,9298149503,Family Law,DL,New Delhi,or
ADV100580,Arun Bhat,arun.bhat580@example.com,9866423390,Data Protection,CT,Raipur,hi
ADV100581,Sowmya Mishra,sowmya.mishra581@example.com,9216505502,Property Law,GJ,Vadodara,or
ADV100582,Harini Das,harini.das582@example.com,9467158117,Cyber Law,HR,Gurugram,kn
ADV100583,Vivek Sharma,vivek.sharma583@example.com,9967925893,Cyber Law,PB,Amritsar,pa
ADV100584,Hari Verma,hari.verma584@example.com,9256153157,Data Protection,CG,Bhilai,te
ADV100585,Keerthi Naidu,keerthi.naidu585@example.com,9861320341,IT Law,CG,Raipur,mr
ADV100586,Vikram Prasad,vikram.prasad586@example.com,9311938071,Criminal Law,CG,Bhilai,ta
ADV100587,Pooja Shah,pooja.shah587@example.com,9594280814,Property Law,HP,Dharamshala,ml
ADV100588,Dinesh Deshmukh,dinesh.deshmukh588@example.com,9847610143,Data Protection,TN,Coimbatore,te
ADV100589,Lakshmi Joshi,lakshmi.joshi589@example.com,9635368842,Document Guidance,HP,Dharamshala,pa
ADV100590,Manoj Krishnan,manoj.krishnan590@example.com,9540390537,Employment Law,GJ,Surat,te
ADV100591,Karthik Rao,karthik.rao591@example.com,9432722125,Data Protection,BR,Patna,or
ADV100592,Nandhini Iyer,nandhini.iyer592@example.com,9827034130,Advocate Required,CH,Chandigarh,ta
ADV100593,Ishita Mukherjee,ishita.mukherjee593@example.com,9150254725,Corporate Law,MH,Pune,bn
ADV100594,Deepa Mehta,deepa.mehta594@example.com,9759306742,Criminal Law,AP,Vijayawada,bn
ADV100595,Ravi Joshi,ravi.joshi595@example.com,9123225030,Document Guidance,OD,Rourkela,mr
ADV100596,Arun Das,arun.das596@example.com,9251972410,Family Law,MP,Jabalpur,te
ADV100597,Harini George,harini.george597@example.com,9430895460,Advocate Required,GJ,Rajkot,te
ADV100598,Keerthi Rao,keerthi.rao598@example.com,9117088938,Contract Law,CT,Raipur,te
ADV100599,Vikram Das,vikram.das599@example.com,9252468109,Consumer Law,UK,Haridwar,te
ADV100600,Surya Raj,surya.raj600@example.com,9247842867,Employment Law,JK,Srinagar,ta
ADV100601,Lakshmi Patel,lakshmi.patel601@example.com,9968294444,Cyber Law,WB,Kolkata,hi
ADV100602,Vishal Kumar,vishal.kumar602@example.com,9148497119,Contract Law,GJ,Rajkot,gu
ADV100603,Hari Sinha,hari.sinha603@example.com,9700520349,IP Law,UP,Varanasi,or
ADV100604,Naveen Kumar,naveen.kumar604@example.com,9122049513,Corporate Law,GO,Margao,pa
ADV100605,Kavya Sharma,kavya.sharma605@example.com,9330657732,IT Law,KL,Thrissur,pa
ADV100606,Nandhini Reddy,nandhini.reddy606@example.com,9860675053,IT Law,KL,Thrissur,hi
ADV100607,Ganesh Kulkarni,ganesh.kulkarni607@example.com,9825775330,Document Guidance,KA,Bengaluru,gu
ADV100608,Shalini Naidu,shalini.naidu608@example.com,9419789667,Document Guidance,CG,Raipur,or
ADV100609,Dinesh Raj,dinesh.raj609@example.com,9537545600,Cyber Law,HP,Dharamshala,gu
ADV100610,Sneha Menon,sneha.menon610@example.com,9189087552,Document Guidance,CG,Raipur,ta
ADV100611,Ganesh Das,ganesh.das611@example.com,9451778200,Document Guidance,GJ,Rajkot,hi
ADV100612,Hari Rao,hari.rao612@example.com,9364410433,Contract Law,TN,Erode,bn
ADV100613,Kavya Banerjee,kavya.banerjee613@example.com,9915187724,Consumer Law,CG,Bhilai,mr
ADV100614,Vishal Choudhary,vishal.choudhary614@example.com,9789176816,Family Law,TN,Madurai,bn
ADV100615,Aditya Verma,aditya.verma615@example.com,9637596952,Criminal Law,BR,Patna,hi
ADV100616,Sanjay Patel,sanjay.patel616@example.com,9858773456,Criminal Law,MH,Nashik,mr
ADV100617,Meena Choudhary,meena.choudhary617@example.com,9742103780,Data Protection,DL,Delhi,ml
ADV100618,Pooja Sharma,pooja.sharma618@example.com,9825236794,Employment Law,GO,Panaji,kn
ADV100619,Hari Sinha,hari.sinha619@example.com,9315966202,Criminal Law,TS,Hyderabad,ml
ADV100620,Sanjay Verma,sanjay.verma620@example.com,9124547561,Cyber Law,DL,New Delhi,hi
ADV100621,Ravi Shah,ravi.shah621@example.com,9645551191,Employment Law,JH,Ranchi,or
ADV100622,Naveen George,naveen.george622@example.com,9750555732,Cyber Law,CG,Bhilai,ta
ADV100623,Pradeep Deshmukh,pradeep.deshmukh623@example.com,9804630188,Criminal Law,KA,Bengaluru,ml
ADV100624,Vishal Banerjee,vishal.banerjee624@example.com,9841163295,IT Law,OD,Bhubaneswar,gu
ADV100625,Hari Iyer,hari.iyer625@example.com,9293350206,Cyber Law,GO,Panaji,or
ADV100626,Ravi Verma,ravi.verma626@example.com,9682255402,Data Protection,CG,Raipur,pa
ADV100627,Shalini Kumar,shalini.kumar627@example.com,9361186844,Family Law,CH,Chandigarh,te
ADV100628,Ganesh Joshi,ganesh.joshi628@example.com,9314468467,Employment Law,UK,Dehradun,ml
ADV100629,Vivek Choudhary,vivek.choudhary629@example.com,9782191991,IT Law,MP,Bhopal,en
ADV100630,Ganesh Pillai,ganesh.pillai630@example.com,9116956109,Advocate Required,AP,Tirupati,pa
ADV100631,Aditya Nair,aditya.nair631@example.com,9174744344,Employment Law,MP,Jabalpur,ml
ADV100632,Mohan George,mohan.george632@example.com,9855921036,Family Law,DL,Delhi,ml
ADV100633,Sneha Nair,sneha.nair633@example.com,9331818158,Property Law,KL,Thrissur,kn
ADV100634,Nandhini Nair,nandhini.nair634@example.com,9653585633,Cyber Law,CG,Bhilai,mr
ADV100635,Bhavana George,bhavana.george635@example.com,9101245093,IT Law,RJ,Kota,te
ADV100636,Lakshmi Pillai,lakshmi.pillai636@example.com,9357483953,Data Protection,UP,Prayagraj,kn
ADV100637,Kavya Thomas,kavya.thomas637@example.com,9247492534,Tax Law,AS,Dibrugarh,hi
ADV100638,Dinesh Joshi,dinesh.joshi638@example.com,9353144399,IP Law,GO,Panaji,pa
ADV100639,Hari Menon,hari.menon639@example.com,9269584984,Employment Law,TN,Vellore,mr
ADV100640,Karthik Das,karthik.das640@example.com,9575897061,Criminal Law,KL,Thrissur,mr
ADV100641,Deepa Pillai,deepa.pillai641@example.com,9342381241,Tax Law,CH,Chandigarh,gu
ADV100642,Ramya Krishnan,ramya.krishnan642@example.com,9952416609,Cyber Law,GJ,Rajkot,en
ADV100643,Sowmya Shah,sowmya.shah643@example.com,9191034376,Document Guidance,JH,Ranchi,gu
ADV100644,Keerthi Nair,keerthi.nair644@example.com,9501058910,Data Protection,KA,Hubballi,pa
ADV100645,Shalini Prasad,shalini.prasad645@example.com,9751553447,Document Guidance,HR,Panipat,gu
ADV100646,Suresh Gupta,suresh.gupta646@example.com,9893643248,IT Law,GJ,Surat,kn
ADV100647,Vivek Gupta,vivek.gupta647@example.com,9106156751,Family Law,TS,Nizamabad,gu
ADV100648,Vivek Iyer,vivek.iyer648@example.com,9738034593,Property Law,PB,Chandigarh,te
ADV100649,Nandhini Shah,nandhini.shah649@example.com,9908677544,Document Guidance,HR,Gurugram,or
ADV100650,Karthik Verma,karthik.verma650@example.com,9278317200,Criminal Law,TN,Tirunelveli,te
ADV100651,Meena Raj,meena.raj651@example.com,9511343543,Document Guidance,MH,Nashik,te
ADV100652,Lakshmi Raj,lakshmi.raj652@example.com,9105011848,Cyber Law,CT,Raipur,ml
ADV100653,Rahul Bhat,rahul.bhat653@example.com,9810678537,Data Protection,DL,Delhi,ml
ADV100654,Bhavana Kulkarni,bhavana.kulkarni654@example.com,9762473648,Corporate Law,CT,Raipur,gu
ADV100655,Priya Choudhary,priya.choudhary655@example.com,9299711148,Advocate Required,CT,Raipur,en
ADV100656,Hari Kulkarni,hari.kulkarni656@example.com,9304083714,Corporate Law,AS,Dibrugarh,en
ADV100657,Keerthi Deshmukh,keerthi.deshmukh657@example.com,9204551194,Advocate Required,TS,Hyderabad,en
ADV100658,Ajay Shah,ajay.shah658@example.com,9124518125,Cyber Law,HR,Panipat,ml
ADV100659,Pooja Verma,pooja.verma659@example.com,9758490156,Corporate Law,CG,Raipur,kn
ADV100660,Rohit Das,rohit.das660@example.com,9596617999,Criminal Law,PB,Chandigarh,te
ADV100661,Revathi Gupta,revathi.gupta661@example.com,9813145038,Employment Law,CG,Raipur,pa
ADV100662,Ganesh Mukherjee,ganesh.mukherjee662@example.com,9193166703,IP Law,RJ,Kota,ta
ADV100663,Ishita Das,ishita.das663@example.com,9570497861,Consumer Law,UP,Kanpur,te
ADV100664,Manoj Pillai,manoj.pillai664@example.com,9151180816,Property Law,KL,Thiruvananthapuram,hi
ADV100665,Sneha Pillai,sneha.pillai665@example.com,9643323489,Advocate Required,JH,Jamshedpur,bn
ADV100666,Karthik Kumar,karthik.kumar666@example.com,9290600058,Tax Law,JK,Jammu,gu
ADV100667,Kavya Das,kavya.das667@example.com,9188149064,Consumer Law,KA,Hubballi,bn
ADV100668,Bhavana Shah,bhavana.shah668@example.com,9260540847,Cyber Law,KA,Bengaluru,gu
ADV100669,Karthik Mukherjee,karthik.mukherjee669@example.com,9379727804,Corporate Law,OD,Cuttack,bn
ADV100670,Sneha George,sneha.george670@example.com,9777033939,Document Guidance,KA,Mysuru,pa
ADV100671,Swetha Shah,swetha.shah671@example.com,9148988543,Corporate Law,TS,Nizamabad,mr
ADV100672,Priya Das,priya.das672@example.com,9990018431,Document Guidance,DL,Delhi,pa
ADV100673,Lakshmi Mukherjee,lakshmi.mukherjee673@example.com,9824649793,IT Law,HR,Panipat,pa
ADV100674,Kavya Mishra,kavya.mishra674@example.com,9497750771,Tax Law,UK,Dehradun,gu
ADV100675,Priya Prasad,priya.prasad675@example.com,9323669160,Property Law,CT,Raipur,kn
ADV100676,Mohan George,mohan.george676@example.com,9192385669,Criminal Law,UK,Dehradun,ml
ADV100677,Sanjay Naidu,sanjay.naidu677@example.com,9255307955,Tax Law,KA,Bengaluru,kn
ADV100678,Revathi George,revathi.george678@example.com,9635974230,Consumer Law,KA,Mysuru,hi
ADV100679,Vivek Patel,vivek.patel679@example.com,9239730291,IT Law,TS,Hyderabad,mr
ADV100680,Revathi Bhat,revathi.bhat680@example.com,9671494408,Corporate Law,DL,New Delhi,en
ADV100681,Vishal Choudhary,vishal.choudhary681@example.com,9185834404,Corporate Law,GO,Margao,gu
ADV100682,Divya Patel,divya.patel682@example.com,9632105643,Property Law,DL,New Delhi,ml
ADV100683,Lakshmi Sinha,lakshmi.sinha683@example.com,9127228579,IP Law,GO,Margao,te
ADV100684,Mohan Nair,mohan.nair684@example.com,9331020305,Consumer Law,AS,Guwahati,pa
ADV100685,Aishwarya Das,aishwarya.das685@example.com,9589469543,Criminal Law,CT,Raipur,en
ADV100686,Swetha Kumar,swetha.kumar686@example.com,9218813724,Employment Law,BR,Patna,hi
ADV100687,Ganesh Deshmukh,ganesh.deshmukh687@example.com,9372643779,Criminal Law,GJ,Ahmedabad,te
ADV100688,Ganesh Prasad,ganesh.prasad688@example.com,9402446419,Contract Law,UP,Kanpur,en
ADV100689,Ramya Verma,ramya.verma689@example.com,9185105863,Consumer Law,CG,Raipur,hi
ADV100690,Karthik Prasad,karthik.prasad690@example.com,9649812473,Family Law,JH,Jamshedpur,mr
ADV100691,Meena Sinha,meena.sinha691@example.com,9613072813,Criminal Law,PB,Chandigarh,mr
ADV100692,Pradeep Mehta,pradeep.mehta692@example.com,9745626863,Document Guidance,GO,Panaji,ml
ADV100693,Suresh Pillai,suresh.pillai693@example.com,9648644472,IP Law,MP,Indore,or
ADV100694,Vivek Mehta,vivek.mehta694@example.com,9397445418,Data Protection,UP,Noida,bn
ADV100695,Bhavana Naidu,bhavana.naidu695@example.com,9453745450,Tax Law,HR,Panipat,bn
ADV100696,Deepa George,deepa.george696@example.com,9880857825,Corporate Law,WB,Siliguri,ta
ADV100697,Pooja Das,pooja.das697@example.com,9748560239,Data Protection,JK,Srinagar,gu
ADV100698,Sowmya Kumar,sowmya.kumar698@example.com,9482746526,Consumer Law,AS,Dibrugarh,ta
ADV100699,Vishal Mukherjee,vishal.mukherjee699@example.com,9659263372,Corporate Law,UP,Prayagraj,mr
ADV100700,Rohit Banerjee,rohit.banerjee700@example.com,9388475253,Data Protection,BR,Gaya,pa
ADV100701,Priya Raj,priya.raj701@example.com,9110456870,IP Law,TS,Warangal,gu
ADV100702,Mohan Verma,mohan.verma702@example.com,9779826584,IT Law,OD,Cuttack,bn
ADV100703,Pradeep Deshmukh,pradeep.deshmukh703@example.com,9389865001,IP Law,RJ,Jodhpur,or
ADV100704,Dinesh Patel,dinesh.patel704@example.com,9653458130,IP Law,JH,Ranchi,or
ADV100705,Manoj Joshi,manoj.joshi705@example.com,9642674331,Corporate Law,PB,Chandigarh,bn
ADV100706,Ramya Pillai,ramya.pillai706@example.com,9542923639,Document Guidance,AS,Dibrugarh,pa
ADV100707,Deepa Verma,deepa.verma707@example.com,9394841069,Tax Law,MH,Mumbai,kn
ADV100708,Ananya Rao,ananya.rao708@example.com,9123581742,Consumer Law,GO,Panaji,or
ADV100709,Sneha Banerjee,sneha.banerjee709@example.com,9877307013,Data Protection,WB,Durgapur,or
ADV100710,Vikram Iyer,vikram.iyer710@example.com,9905691732,Corporate Law,TS,Karimnagar,kn
ADV100711,Manoj Joshi,manoj.joshi711@example.com,9522897844,Cyber Law,DL,Delhi,gu
ADV100712,Vikram Sinha,vikram.sinha712@example.com,9401114329,IT Law,WB,Siliguri,ta
ADV100713,Sanjay Menon,sanjay.menon713@example.com,9203335509,Criminal Law,AS,Guwahati,bn
ADV100714,Ravi George,ravi.george714@example.com,9785820203,Contract Law,HP,Shimla,mr
ADV100715,Bhavana Gupta,bhavana.gupta715@example.com,9962424288,IT Law,CT,Raipur,or
ADV100716,Arun Gupta,arun.gupta716@example.com,9832623189,IT Law,GJ,Surat,en
ADV100717,Ananya Krishnan,ananya.krishnan717@example.com,9832758121,Contract Law,JH,Ranchi,en
ADV100718,Swetha Rao,swetha.rao718@example.com,9290263624,Cyber Law,BR,Gaya,ml
ADV100719,Aishwarya Krishnan,aishwarya.krishnan719@example.com,9327564785,Document Guidance,DL,New Delhi,ml
ADV100720,Ishita Joshi,ishita.joshi720@example.com,9473770608,Family Law,MH,Nashik,hi
ADV100721,Naveen Thomas,naveen.thomas721@example.com,9122196996,Document Guidance,JK,Jammu,ml
ADV100722,Aditya Thomas,aditya.thomas722@example.com,9973116139,IP Law,JH,Ranchi,te
ADV100723,Ajay Gupta,ajay.gupta723@example.com,9587207803,Advocate Required,PB,Chandigarh,hi
ADV100724,Aditya Mukherjee,aditya.mukherjee724@example.com,9410486199,Tax Law,GO,Margao,en
ADV100725,Surya Mehta,surya.mehta725@example.com,9974625747,IT Law,RJ,Jaipur,mr
ADV100726,Vikram Singh,vikram.singh726@example.com,9678927544,Criminal Law,JK,Jammu,kn
ADV100727,Hari Krishnan,hari.krishnan727@example.com,9783633171,Property Law,GJ,Ahmedabad,ta
ADV100728,Vikram Naidu,vikram.naidu728@example.com,9746462581,Family Law,WB,Durgapur,te
ADV100729,Aishwarya Nair,aishwarya.nair729@example.com,9273442738,Tax Law,JH,Ranchi,kn
ADV100730,Pooja Krishnan,pooja.krishnan730@example.com,9663163203,Advocate Required,AP,Tirupati,ta
ADV100731,Aditya Shah,aditya.shah731@example.com,9670994745,Advocate Required,HP,Shimla,mr
ADV100732,Ramya Kulkarni,ramya.kulkarni732@example.com,9124263982,Consumer Law,MP,Bhopal,kn
ADV100733,Rahul George,rahul.george733@example.com,9276418907,IP Law,JK,Jammu,ml
ADV100734,Karthik Nair,karthik.nair734@example.com,9410888551,Data Protection,MP,Jabalpur,mr
ADV100735,Deepa George,deepa.george735@example.com,9690801044,Corporate Law,CG,Raipur,gu
ADV100736,Karthik Deshmukh,karthik.deshmukh736@example.com,9174799408,Document Guidance,AP,Guntur,pa
ADV100737,Surya Rao,surya.rao737@example.com,9848600785,Consumer Law,BR,Muzaffarpur,ta
ADV100738,Swetha Menon,swetha.menon738@example.com,9632738406,Corporate Law,JK,Srinagar,ml
ADV100739,Vikram Nair,vikram.nair739@example.com,9326747788,Criminal Law,UK,Dehradun,pa
ADV100740,Suresh Menon,suresh.menon740@example.com,9774622670,Corporate Law,CH,Chandigarh,hi
ADV100741,Ganesh Bhat,ganesh.bhat741@example.com,9191114354,Property Law,AP,Guntur,gu
ADV100742,Vikram Verma,vikram.verma742@example.com,9908722561,IP Law,JH,Jamshedpur,ta
ADV100743,Surya Prasad,surya.prasad743@example.com,9170092397,Employment Law,AP,Vijayawada,gu
ADV100744,Harini Banerjee,harini.banerjee744@example.com,9867405081,Contract Law,GO,Panaji,mr
ADV100745,Kavya Nair,kavya.nair745@example.com,9343902560,Document Guidance,JK,Srinagar,mr
ADV100746,Rahul Mishra,rahul.mishra746@example.com,9130325022,Cyber Law,MP,Bhopal,gu
ADV100747,Mohan George,mohan.george747@example.com,9503294337,Property Law,AS,Dibrugarh,kn
ADV100748,Ishita Mukherjee,ishita.mukherjee748@example.com,9572495840,Data Protection,KL,Kochi,bn
ADV100749,Harini Pillai,harini.pillai749@example.com,9904111732,Tax Law,TN,Coimbatore,kn
ADV100750,Pooja Rao,pooja.rao750@example.com,9105168177,Tax Law,PB,Amritsar,ml
ADV100751,Swetha Rao,swetha.rao751@example.com,9392660985,Document Guidance,CT,Raipur,kn
ADV100752,Ananya Sinha,ananya.sinha752@example.com,9269234349,Property Law,WB,Kolkata,bn
ADV100753,Divya Prasad,divya.prasad753@example.com,9540658492,Cyber Law,RJ,Udaipur,hi
ADV100754,Deepa Mishra,deepa.mishra754@example.com,9653140457,IP Law,GJ,Ahmedabad,bn
ADV100755,Kavya Deshmukh,kavya.deshmukh755@example.com,9185580248,Consumer Law,MH,Mumbai,bn
ADV100756,Mohan Kulkarni,mohan.kulkarni756@example.com,9337370476,Data Protection,CT,Raipur,or
ADV100757,Manoj Mishra,manoj.mishra757@example.com,9554150577,Advocate Required,OD,Bhubaneswar,ta
ADV100758,Sneha Gupta,sneha.gupta758@example.com,9952430359,Corporate Law,JH,Ranchi,gu
ADV100759,Rohit Thomas,rohit.thomas759@example.com,9748033002,Corporate Law,DL,Delhi,hi
ADV100760,Sowmya Kulkarni,sowmya.kulkarni760@example.com,9226890332,Corporate Law,HR,Panipat,bn
ADV100761,Aditya Verma,aditya.verma761@example.com,9530359174,Employment Law,WB,Siliguri,pa
ADV100762,Bhavana Verma,bhavana.verma762@example.com,9995176209,Property Law,RJ,Kota,ta
ADV100763,Aishwarya Mukherjee,aishwarya.mukherjee763@example.com,9470419790,Employment Law,KL,Kozhikode,or
ADV100764,Rohit Pillai,rohit.pillai764@example.com,9471615578,Tax Law,GO,Margao,bn
ADV100765,Bhavana Joshi,bhavana.joshi765@example.com,9180045017,Corporate Law,MH,Nashik,or
ADV100766,Harini Shah,harini.shah766@example.com,9690357514,Employment Law,BR,Patna,ta
ADV100767,Naveen Mishra,naveen.mishra767@example.com,9232558705,Criminal Law,UP,Prayagraj,ml
ADV100768,Revathi George,revathi.george768@example.com,9836005072,Cyber Law,CH,Chandigarh,kn
ADV100769,Nandhini Mehta,nandhini.mehta769@example.com,9811549572,Cyber Law,KL,Kozhikode,pa
ADV100770,Rahul Shah,rahul.shah770@example.com,9772675088,Tax Law,GJ,Surat,gu
ADV100771,Karthik Das,karthik.das771@example.com,9118938923,Property Law,BR,Patna,te
ADV100772,Suresh Joshi,suresh.joshi772@example.com,9984880391,IP Law,KA,Mysuru,pa
ADV100773,Meena Rao,meena.rao773@example.com,9749032603,IT Law,MP,Jabalpur,kn
ADV100774,Deepa Sharma,deepa.sharma774@example.com,9150378097,Document Guidance,JH,Ranchi,te
ADV100775,Kavya Nair,kavya.nair775@example.com,9254240088,Criminal Law,CG,Bhilai,gu
ADV100776,Vikram Joshi,vikram.joshi776@example.com,9479788998,Employment Law,KL,Kozhikode,te
ADV100777,Ishita Mishra,ishita.mishra777@example.com,9130966214,Criminal Law,CH,Chandigarh,gu
ADV100778,Sneha Mukherjee,sneha.mukherjee778@example.com,9728802145,Family Law,GJ,Rajkot,pa
ADV100779,Lakshmi Nair,lakshmi.nair779@example.com,9821246828,Document Guidance,BR,Gaya,gu
ADV100780,Swetha Menon,swetha.menon780@example.com,9940401345,Consumer Law,UK,Haridwar,hi
ADV100781,Nandhini Choudhary,nandhini.choudhary781@example.com,9570809213,Employment Law,AS,Guwahati,gu
ADV100782,Aditya Naidu,aditya.naidu782@example.com,9248469010,Contract Law,BR,Patna,kn
ADV100783,Surya Kulkarni,surya.kulkarni783@example.com,9914861592,Data Protection,GJ,Surat,te
ADV100784,Priya Thomas,priya.thomas784@example.com,9432454347,Document Guidance,DL,New Delhi,or
ADV100785,Hari Thomas,hari.thomas785@example.com,9635992924,IP Law,MH,Pune,te
ADV100786,Suresh Mukherjee,suresh.mukherjee786@example.com,9854529410,Criminal Law,BR,Patna,pa
ADV100787,Arun Bhat,arun.bhat787@example.com,9784431357,Document Guidance,MH,Pune,or
ADV100788,Swetha Mukherjee,swetha.mukherjee788@example.com,9209660247,Property Law,BR,Muzaffarpur,kn
ADV100789,Harini Prasad,harini.prasad789@example.com,9399189069,Advocate Required,GO,Margao,hi
ADV100790,Mohan Mehta,mohan.mehta790@example.com,9632369672,IT Law,JK,Srinagar,ml
ADV100791,Ramya Sharma,ramya.sharma791@example.com,9160467019,Family Law,TN,Salem,pa
ADV100792,Ananya Sinha,ananya.sinha792@example.com,9197845412,Consumer Law,RJ,Kota,ml
ADV100793,Manoj Choudhary,manoj.choudhary793@example.com,9938974947,Family Law,DL,New Delhi,pa
ADV100794,Shalini Sharma,shalini.sharma794@example.com,9515901817,Data Protection,WB,Kolkata,pa
ADV100795,Harini Bhat,harini.bhat795@example.com,9961189087,IP Law,CH,Chandigarh,gu
ADV100796,Harini Patel,harini.patel796@example.com,9619653364,Corporate Law,MH,Mumbai,pa
ADV100797,Hari Verma,hari.verma797@example.com,9265864851,Criminal Law,CT,Raipur,pa
ADV100798,Naveen Iyer,naveen.iyer798@example.com,9989790933,IP Law,JH,Jamshedpur,kn
ADV100799,Kavya Choudhary,kavya.choudhary799@example.com,9869317917,Data Protection,AP,Guntur,ml
ADV100800,Divya Naidu,divya.naidu800@example.com,9808611124,Family Law,TN,Madurai,ta
ADV100801,Aditya Joshi,aditya.joshi801@example.com,9317143904,Property Law,CT,Raipur,en
ADV100802,Sanjay Reddy,sanjay.reddy802@example.com,9329387480,Tax Law,JK,Jammu,pa
ADV100803,Rahul Singh,rahul.singh803@example.com,9563200707,Tax Law,MH,Pune,mr
ADV100804,Sanjay Mehta,sanjay.mehta804@example.com,9674159362,Criminal Law,CG,Raipur,kn
ADV100805,Vishal Naidu,vishal.naidu805@example.com,9312443458,Criminal Law,TS,Karimnagar,mr
ADV100806,Lakshmi Sinha,lakshmi.sinha806@example.com,9120456637,Employment Law,AS,Guwahati,en
ADV100807,Surya Mishra,surya.mishra807@example.com,9889589463,Consumer Law,TS,Nizamabad,gu
ADV100808,Swetha Bhat,swetha.bhat808@example.com,9290215387,Data Protection,CH,Chandigarh,en
ADV100809,Mohan Deshmukh,mohan.deshmukh809@example.com,9364727774,Employment Law,TN,Coimbatore,or
ADV100810,Arun Kumar,arun.kumar810@example.com,9336619261,Family Law,HR,Faridabad,en
ADV100811,Surya Sinha,surya.sinha811@example.com,9780565690,Document Guidance,GO,Panaji,ta
ADV100812,Kavya Kulkarni,kavya.kulkarni812@example.com,9475508500,Document Guidance,MH,Nashik,kn
ADV100813,Nandhini Prasad,nandhini.prasad813@example.com,9797630678,Consumer Law,UP,Varanasi,bn
ADV100814,Pooja Sinha,pooja.sinha814@example.com,9822703024,Tax Law,DL,Delhi,mr
ADV100815,Manoj Mehta,manoj.mehta815@example.com,9363543343,Corporate Law,UK,Dehradun,mr
ADV100816,Rohit Shah,rohit.shah816@example.com,9788739607,Consumer Law,UK,Haridwar,or
ADV100817,Kavya Naidu,kavya.naidu817@example.com,9121522492,Corporate Law,AS,Guwahati,te
ADV100818,Meena Naidu,meena.naidu818@example.com,9877058243,Advocate Required,RJ,Udaipur,mr
ADV100819,Aishwarya Mehta,aishwarya.mehta819@example.com,9377226634,Criminal Law,UK,Haridwar,pa
ADV100820,Pooja Prasad,pooja.prasad820@example.com,9477842021,Data Protection,CH,Chandigarh,mr
ADV100821,Deepa Iyer,deepa.iyer821@example.com,9207053568,IP Law,OD,Cuttack,en
ADV100822,Harini Sharma,harini.sharma822@example.com,9811124920,Family Law,CG,Bhilai,or
ADV100823,Ganesh Raj,ganesh.raj823@example.com,9329854053,Data Protection,JH,Ranchi,te
ADV100824,Swetha Menon,swetha.menon824@example.com,9619683760,IT Law,RJ,Kota,hi
ADV100825,Deepa Shah,deepa.shah825@example.com,9380581714,Employment Law,UP,Lucknow,or
ADV100826,Ravi Prasad,ravi.prasad826@example.com,9462148160,Property Law,CG,Bhilai,bn
ADV100827,Kavya Naidu,kavya.naidu827@example.com,9466285401,Advocate Required,HR,Faridabad,en
ADV100828,Mohan Krishnan,mohan.krishnan828@example.com,9203754393,Property Law,GO,Panaji,kn
ADV100829,Lakshmi Rao,lakshmi.rao829@example.com,9580985363,Document Guidance,CH,Chandigarh,gu
ADV100830,Ishita Kulkarni,ishita.kulkarni830@example.com,9635419092,Document Guidance,WB,Durgapur,mr
ADV100831,Vivek Menon,vivek.menon831@example.com,9394024316,Criminal Law,TS,Warangal,mr
ADV100832,Naveen Prasad,naveen.prasad832@example.com,9577373668,Advocate Required,KA,Mysuru,kn
ADV100833,Lakshmi Nair,lakshmi.nair833@example.com,9187430707,Document Guidance,DL,New Delhi,ml
ADV100834,Ravi Patel,ravi.patel834@example.com,9307863534,Employment Law,WB,Siliguri,en
ADV100835,Mohan Joshi,mohan.joshi835@example.com,9375989096,Family Law,KL,Kozhikode,or
ADV100836,Ramya Menon,ramya.menon836@example.com,9740873281,Corporate Law,HR,Gurugram,gu
ADV100837,Dinesh Reddy,dinesh.reddy837@example.com,9521904422,IP Law,BR,Gaya,gu
ADV100838,Pradeep Choudhary,pradeep.choudhary838@example.com,9927826347,Property Law,AP,Tirupati,gu
ADV100839,Aditya Das,aditya.das839@example.com,9125211363,Contract Law,JH,Ranchi,mr
ADV100840,Naveen Banerjee,naveen.banerjee840@example.com,9254472142,Data Protection,CG,Bhilai,bn
ADV100841,Naveen Kulkarni,naveen.kulkarni841@example.com,9267462907,Data Protection,TS,Karimnagar,en
ADV100842,Shalini Singh,shalini.singh842@example.com,9110856494,Employment Law,TN,Vellore,kn
ADV100843,Pooja George,pooja.george843@example.com,9123563728,Data Protection,PB,Amritsar,te
ADV100844,Ravi Sinha,ravi.sinha844@example.com,9508751358,Contract Law,CG,Bhilai,ta
ADV100845,Suresh Verma,suresh.verma845@example.com,9803507467,Property Law,TS,Karimnagar,pa
ADV100846,Pooja Mishra,pooja.mishra846@example.com,9479207284,Corporate Law,CG,Bhilai,or
ADV100847,Vivek Sharma,vivek.sharma847@example.com,9965593977,Advocate Required,JH,Jamshedpur,kn
ADV100848,Revathi Patel,revathi.patel848@example.com,9647878353,Tax Law,OD,Cuttack,te
ADV100849,Meena Menon,meena.menon849@example.com,9996386534,Consumer Law,GJ,Ahmedabad,pa
ADV100850,Ajay Menon,ajay.menon850@example.com,9560825621,Cyber Law,GO,Margao,gu
ADV100851,Pooja Pillai,pooja.pillai851@example.com,9952282751,IP Law,JH,Ranchi,en
ADV100852,Bhavana Das,bhavana.das852@example.com,9393868183,Contract Law,HR,Gurugram,or
ADV100853,Sneha Deshmukh,sneha.deshmukh853@example.com,9907534419,Employment Law,JH,Jamshedpur,bn
ADV100854,Sneha Singh,sneha.singh854@example.com,9533183270,Family Law,CT,Raipur,ta
ADV100855,Keerthi Menon,keerthi.menon855@example.com,9911267301,IP Law,UK,Dehradun,pa
ADV100856,Aishwarya Kulkarni,aishwarya.kulkarni856@example.com,9814471428,Family Law,CG,Raipur,pa
ADV100857,Ganesh Kulkarni,ganesh.kulkarni857@example.com,9184207350,Employment Law,DL,Delhi,hi
ADV100858,Rohit Shah,rohit.shah858@example.com,9873975744,IT Law,OD,Cuttack,or
ADV100859,Surya Gupta,surya.gupta859@example.com,9407236693,Data Protection,HP,Dharamshala,en
ADV100860,Shalini Verma,shalini.verma860@example.com,9252313009,Corporate Law,JK,Srinagar,gu
ADV100861,Ananya Kulkarni,ananya.kulkarni861@example.com,9957947036,Document Guidance,TN,Madurai,or
ADV100862,Ajay Joshi,ajay.joshi862@example.com,9516172118,Corporate Law,TS,Hyderabad,pa
ADV100863,Priya Shah,priya.shah863@example.com,9876314395,Tax Law,RJ,Jaipur,pa
ADV100864,Shalini Prasad,shalini.prasad864@example.com,9289308850,Cyber Law,BR,Patna,gu
ADV100865,Manoj Choudhary,manoj.choudhary865@example.com,9498441607,Corporate Law,PB,Chandigarh,te
ADV100866,Rahul Pillai,rahul.pillai866@example.com,9910131850,Tax Law,CH,Chandigarh,ta
ADV100867,Ganesh Menon,ganesh.menon867@example.com,9338607300,Data Protection,GO,Panaji,pa
ADV100868,Pooja Kulkarni,pooja.kulkarni868@example.com,9296363659,Document Guidance,OD,Cuttack,hi
ADV100869,Sneha Bhat,sneha.bhat869@example.com,9176164626,IP Law,AS,Dibrugarh,bn
ADV100870,Aditya Gupta,aditya.gupta870@example.com,9814448265,Corporate Law,UK,Dehradun,hi
ADV100871,Hari Das,hari.das871@example.com,9266843536,IP Law,TS,Hyderabad,hi
ADV100872,Priya Verma,priya.verma872@example.com,9919807269,Document Guidance,RJ,Jodhpur,ml
ADV100873,Sanjay Gupta,sanjay.gupta873@example.com,9846891201,Advocate Required,JH,Ranchi,kn
ADV100874,Sowmya Shah,sowmya.shah874@example.com,9511270576,Advocate Required,AS,Dibrugarh,ml
ADV100875,Aditya Mukherjee,aditya.mukherjee875@example.com,9375105759,Consumer Law,WB,Kolkata,mr
ADV100876,Arun Sharma,arun.sharma876@example.com,9399414131,Criminal Law,CH,Chandigarh,en
ADV100877,Ananya Choudhary,ananya.choudhary877@example.com,9439476472,Data Protection,KA,Mysuru,pa
ADV100878,Dinesh Nair,dinesh.nair878@example.com,9144311663,Data Protection,UK,Haridwar,bn
ADV100879,Ramya Sinha,ramya.sinha879@example.com,9873675392,Property Law,UP,Noida,hi
ADV100880,Ravi Sharma,ravi.sharma880@example.com,9903861615,Consumer Law,WB,Kolkata,gu
ADV100881,Pooja Mishra,pooja.mishra881@example.com,9471785751,Criminal Law,MP,Indore,or
ADV100882,Vishal Thomas,vishal.thomas882@example.com,9789386901,IP Law,HR,Faridabad,en
ADV100883,Rahul Singh,rahul.singh883@example.com,9349992397,Criminal Law,BR,Patna,ta
ADV100884,Ishita Shah,ishita.shah884@example.com,9632242382,IP Law,AP,Vijayawada,te
ADV100885,Vivek Krishnan,vivek.krishnan885@example.com,9159389413,Document Guidance,JH,Jamshedpur,bn
ADV100886,Keerthi Reddy,keerthi.reddy886@example.com,9186951100,Family Law,DL,New Delhi,or
ADV100887,Rohit Raj,rohit.raj887@example.com,9154356410,Property Law,DL,Delhi,en
ADV100888,Ramya Thomas,ramya.thomas888@example.com,9240047072,Consumer Law,GJ,Vadodara,kn
ADV100889,Ishita Iyer,ishita.iyer889@example.com,9716673230,Property Law,WB,Siliguri,hi
ADV100890,Karthik Sharma,karthik.sharma890@example.com,9426725215,Employment Law,CG,Bhilai,te
ADV100891,Rahul Choudhary,rahul.choudhary891@example.com,9940078702,Corporate Law,DL,New Delhi,kn
ADV100892,Keerthi Thomas,keerthi.thomas892@example.com,9794786156,Corporate Law,KL,Kozhikode,or
ADV100893,Dinesh Kulkarni,dinesh.kulkarni893@example.com,9536769530,Document Guidance,WB,Siliguri,bn
ADV100894,Vishal Joshi,vishal.joshi894@example.com,9602202441,Family Law,TS,Warangal,kn
ADV100895,Ravi Patel,ravi.patel895@example.com,9139071853,Consumer Law,UK,Dehradun,bn
ADV100896,Bhavana Mehta,bhavana.mehta896@example.com,9926026580,Data Protection,UP,Prayagraj,mr
ADV100897,Rohit Krishnan,rohit.krishnan897@example.com,9930059375,IT Law,PB,Ludhiana,or
ADV100898,Vivek Verma,vivek.verma898@example.com,9321552230,Consumer Law,CT,Raipur,kn
ADV100899,Ananya Patel,ananya.patel899@example.com,9216288751,Data Protection,HR,Gurugram,kn
ADV100900,Hari Mishra,hari.mishra900@example.com,9174793637,Property Law,WB,Kolkata,pa
ADV100901,Divya Thomas,divya.thomas901@example.com,9562632925,IP Law,TN,Chennai,ta
ADV100902,Revathi Gupta,revathi.gupta902@example.com,9597684069,Contract Law,MP,Bhopal,bn
ADV100903,Deepa Bhat,deepa.bhat903@example.com,9805295642,Corporate Law,GO,Panaji,te
ADV100904,Rohit Sharma,rohit.sharma904@example.com,9166920403,Cyber Law,BR,Patna,ml
ADV100905,Lakshmi Patel,lakshmi.patel905@example.com,9292724283,Contract Law,CH,Chandigarh,gu
ADV100906,Dinesh Shah,dinesh.shah906@example.com,9272835351,Employment Law,CH,Chandigarh,hi
ADV100907,Priya Verma,priya.verma907@example.com,9767485425,Cyber Law,AP,Visakhapatnam,te
ADV100908,Priya Mehta,priya.mehta908@example.com,9545950895,Family Law,JH,Jamshedpur,pa
ADV100909,Ishita Verma,ishita.verma909@example.com,9803360298,Employment Law,TS,Karimnagar,or
ADV100910,Mohan Mehta,mohan.mehta910@example.com,9413443965,Document Guidance,HR,Gurugram,te
ADV100911,Rahul Kumar,rahul.kumar911@example.com,9986566834,Data Protection,JH,Ranchi,gu
ADV100912,Revathi Bhat,revathi.bhat912@example.com,9788157210,Data Protection,WB,Durgapur,pa
ADV100913,Ajay Mehta,ajay.mehta913@example.com,9678752988,Employment Law,MP,Jabalpur,hi
ADV100914,Ramya Deshmukh,ramya.deshmukh914@example.com,9302595854,Family Law,JK,Srinagar,te
ADV100915,Meena Sinha,meena.sinha915@example.com,9868866241,Employment Law,HP,Dharamshala,or
ADV100916,Dinesh Pillai,dinesh.pillai916@example.com,9103970005,Data Protection,AS,Dibrugarh,bn
ADV100917,Ravi Singh,ravi.singh917@example.com,9602446244,Tax Law,PB,Ludhiana,or
ADV100918,Priya Prasad,priya.prasad918@example.com,9505779817,Advocate Required,DL,Delhi,ta
ADV100919,Dinesh Joshi,dinesh.joshi919@example.com,9798317014,Family Law,HR,Faridabad,hi
ADV100920,Surya George,surya.george920@example.com,9439925545,Family Law,GJ,Ahmedabad,en
ADV100921,Bhavana Verma,bhavana.verma921@example.com,9792447408,Corporate Law,OD,Bhubaneswar,pa
ADV100922,Pooja Gupta,pooja.gupta922@example.com,9849979364,Family Law,HP,Shimla,en
ADV100923,Revathi Banerjee,revathi.banerjee923@example.com,9701383974,IT Law,GJ,Rajkot,bn
ADV100924,Kavya Sharma,kavya.sharma924@example.com,9722559896,Tax Law,HR,Gurugram,pa
ADV100925,Ishita Mishra,ishita.mishra925@example.com,9431389021,Data Protection,KA,Hubballi,bn
ADV100926,Arun Sharma,arun.sharma926@example.com,9836027010,Document Guidance,AP,Vijayawada,gu
ADV100927,Sneha Mishra,sneha.mishra927@example.com,9860967223,Family Law,KL,Thiruvananthapuram,hi
ADV100928,Swetha Kulkarni,swetha.kulkarni928@example.com,9150746978,Property Law,AS,Guwahati,kn
ADV100929,Swetha Nair,swetha.nair929@example.com,9225953181,IP Law,TS,Karimnagar,ml
ADV100930,Nandhini Shah,nandhini.shah930@example.com,9557900748,Corporate Law,UK,Haridwar,te
ADV100931,Arun Sharma,arun.sharma931@example.com,9830572971,IT Law,UK,Haridwar,kn
ADV100932,Pooja Nair,pooja.nair932@example.com,9850947216,Advocate Required,GO,Panaji,or
ADV100933,Ravi Gupta,ravi.gupta933@example.com,9971588059,Family Law,KA,Hubballi,ta
ADV100934,Karthik Kulkarni,karthik.kulkarni934@example.com,9618733853,Corporate Law,KA,Hubballi,ml
ADV100935,Harini Prasad,harini.prasad935@example.com,9437529949,Corporate Law,DL,New Delhi,en
ADV100936,Ravi Krishnan,ravi.krishnan936@example.com,9423098497,Property Law,KL,Thiruvananthapuram,te
ADV100937,Sneha Pillai,sneha.pillai937@example.com,9192211858,IT Law,GJ,Surat,ml
ADV100938,Nandhini Das,nandhini.das938@example.com,9773908832,Document Guidance,GO,Margao,en
ADV100939,Mohan Kumar,mohan.kumar939@example.com,9991533245,Consumer Law,JH,Ranchi,te
ADV100940,Ganesh Krishnan,ganesh.krishnan940@example.com,9719846202,Family Law,HR,Panipat,mr
ADV100941,Naveen Deshmukh,naveen.deshmukh941@example.com,9792812118,Corporate Law,RJ,Kota,gu
ADV100942,Pooja Krishnan,pooja.krishnan942@example.com,9932825884,Employment Law,AS,Guwahati,ml
ADV100943,Lakshmi Kulkarni,lakshmi.kulkarni943@example.com,9275591678,IP Law,UK,Dehradun,kn
ADV100944,Vishal Das,vishal.das944@example.com,9871388650,Employment Law,DL,New Delhi,mr
ADV100945,Vishal Rao,vishal.rao945@example.com,9495744031,Employment Law,OD,Rourkela,mr
ADV100946,Surya Verma,surya.verma946@example.com,9441830560,Property Law,CT,Raipur,bn
ADV100947,Vishal George,vishal.george947@example.com,9193512725,IP Law,MH,Nagpur,ml
ADV100948,Ajay Sharma,ajay.sharma948@example.com,9762502156,Data Protection,MP,Gwalior,ml
ADV100949,Naveen Deshmukh,naveen.deshmukh949@example.com,9624023828,Document Guidance,CT,Raipur,or
ADV100950,Shalini Pillai,shalini.pillai950@example.com,9828669151,Cyber Law,RJ,Kota,mr
ADV100951,Dinesh Kulkarni,dinesh.kulkarni951@example.com,9179658570,Corporate Law,HP,Dharamshala,mr
ADV100952,Mohan Pillai,mohan.pillai952@example.com,9169005532,Cyber Law,CG,Bhilai,en
ADV100953,Ravi George,ravi.george953@example.com,9342025240,Employment Law,JK,Srinagar,mr
ADV100954,Arun Mukherjee,arun.mukherjee954@example.com,9290962071,Criminal Law,TS,Nizamabad,ta
ADV100955,Kavya Joshi,kavya.joshi955@example.com,9436001769,Employment Law,HP,Dharamshala,hi
ADV100956,Ajay Choudhary,ajay.choudhary956@example.com,9121873522,Document Guidance,MH,Nagpur,ml
ADV100957,Mohan Gupta,mohan.gupta957@example.com,9279138774,Corporate Law,GJ,Surat,ta
ADV100958,Pooja Mishra,pooja.mishra958@example.com,9698886815,Corporate Law,GJ,Surat,te
ADV100959,Pooja Mishra,pooja.mishra959@example.com,9273102478,Contract Law,AP,Vijayawada,te
ADV100960,Kavya Thomas,kavya.thomas960@example.com,9588505285,Tax Law,GO,Margao,mr
ADV100961,Keerthi Pillai,keerthi.pillai961@example.com,9252893851,Family Law,RJ,Udaipur,ta
ADV100962,Kavya Verma,kavya.verma962@example.com,9340060269,Data Protection,UK,Dehradun,kn
ADV100963,Vivek Gupta,vivek.gupta963@example.com,9395107227,Corporate Law,PB,Amritsar,mr
ADV100964,Aditya George,aditya.george964@example.com,9777221116,Family Law,CH,Chandigarh,mr
ADV100965,Ramya Thomas,ramya.thomas965@example.com,9711996606,IT Law,GO,Panaji,pa
ADV100966,Meena Rao,meena.rao966@example.com,9811347595,Criminal Law,JK,Srinagar,ta
ADV100967,Surya Choudhary,surya.choudhary967@example.com,9197060694,Document Guidance,UP,Prayagraj,ta
ADV100968,Manoj Kumar,manoj.kumar968@example.com,9686342813,Cyber Law,TS,Hyderabad,ml
ADV100969,Keerthi Prasad,keerthi.prasad969@example.com,9316038640,Advocate Required,DL,Delhi,te
ADV100970,Kavya Joshi,kavya.joshi970@example.com,9116216782,IT Law,UK,Dehradun,gu
ADV100971,Priya Deshmukh,priya.deshmukh971@example.com,9740122359,Criminal Law,UK,Haridwar,gu
ADV100972,Deepa Raj,deepa.raj972@example.com,9635209166,Document Guidance,TS,Hyderabad,hi
ADV100973,Aishwarya Joshi,aishwarya.joshi973@example.com,9209187302,Advocate Required,PB,Amritsar,pa
ADV100974,Sanjay Mehta,sanjay.mehta974@example.com,9369757833,Cyber Law,GO,Margao,te
ADV100975,Deepa Verma,deepa.verma975@example.com,9116696422,Criminal Law,KA,Mangaluru,mr
ADV100976,Shalini Bhat,shalini.bhat976@example.com,9390113987,Consumer Law,MH,Nashik,hi
ADV100977,Pradeep Bhat,pradeep.bhat977@example.com,9437512406,Employment Law,TS,Warangal,te
ADV100978,Aishwarya Mishra,aishwarya.mishra978@example.com,9317396525,IP Law,TS,Warangal,ml
ADV100979,Hari Choudhary,hari.choudhary979@example.com,9452065047,Consumer Law,TN,Coimbatore,gu
ADV100980,Dinesh Gupta,dinesh.gupta980@example.com,9680624953,Tax Law,HP,Shimla,pa
ADV100981,Keerthi Banerjee,keerthi.banerjee981@example.com,9378539024,Employment Law,CG,Bhilai,te
ADV100982,Priya Gupta,priya.gupta982@example.com,9774656316,Property Law,TN,Chennai,hi
ADV100983,Harini Banerjee,harini.banerjee983@example.com,9986660047,Employment Law,KL,Kozhikode,en
ADV100984,Dinesh Iyer,dinesh.iyer984@example.com,9710903534,Tax Law,JK,Jammu,or
ADV100985,Manoj Singh,manoj.singh985@example.com,9372041299,Advocate Required,WB,Durgapur,ta
ADV100986,Pradeep Prasad,pradeep.prasad986@example.com,9342418257,Contract Law,KA,Mysuru,mr
ADV100987,Harini Sharma,harini.sharma987@example.com,9662069241,Consumer Law,WB,Kolkata,gu
ADV100988,Ramya Kumar,ramya.kumar988@example.com,9632944993,Consumer Law,JH,Ranchi,pa
ADV100989,Ramya Krishnan,ramya.krishnan989@example.com,9792280138,Corporate Law,CH,Chandigarh,te
ADV100990,Shalini Bhat,shalini.bhat990@example.com,9481468328,Corporate Law,BR,Muzaffarpur,bn
ADV100991,Deepa Choudhary,deepa.choudhary991@example.com,9246662920,Cyber Law,AP,Vijayawada,en
ADV100992,Meena Nair,meena.nair992@example.com,9978200164,IP Law,HR,Gurugram,gu
ADV100993,Ishita Banerjee,ishita.banerjee993@example.com,9956209624,Property Law,JH,Ranchi,hi
ADV100994,Divya Mehta,divya.mehta994@example.com,9393514700,Tax Law,CG,Raipur,en
ADV100995,Harini Thomas,harini.thomas995@example.com,9692208543,Consumer Law,HR,Faridabad,te
ADV100996,Vishal Bhat,vishal.bhat996@example.com,9469731375,Document Guidance,JK,Jammu,hi
ADV100997,Priya Naidu,priya.naidu997@example.com,9305735596,Property Law,PB,Ludhiana,en
ADV100998,Ravi Naidu,ravi.naidu998@example.com,9163839504,Family Law,KA,Hubballi,hi
ADV100999,Dinesh Verma,dinesh.verma999@example.com,9675672951,Consumer Law,BR,Patna,ta
ADV101000,Shalini Joshi,shalini.joshi1000@example.com,9513428208,IT Law,BR,Muzaffarpur,pa
